url,date,content,renderedContent,id,user/username,user/displayname,user/id,user/description,user/rawDescription,user/verified,user/created,user/followersCount,user/friendsCount,user/statusesCount,user/favouritesCount,user/listedCount,user/mediaCount,user/location,user/protected,user/linkUrl,user/linkTcourl,user/profileImageUrl,user/profileBannerUrl,replyCount,retweetCount,likeCount,quoteCount,conversationId,lang,source,sourceUrl,sourceLabel,media/0,retweetedTweet,quotedTweet,mentionedUsers/0/username,mentionedUsers/0/displayname,mentionedUsers/0/id,mentionedUsers/0/description,mentionedUsers/0/rawDescription,mentionedUsers/0/descriptionUrls/0,mentionedUsers/0/verified,mentionedUsers/0/created,mentionedUsers/0/followersCount,mentionedUsers/0/friendsCount,mentionedUsers/0/statusesCount,mentionedUsers/0/favouritesCount,mentionedUsers/0/listedCount,mentionedUsers/0/mediaCount,mentionedUsers/0/location,mentionedUsers/0/protected,mentionedUsers/0/linkUrl,mentionedUsers/0/linkTcourl,mentionedUsers/0/profileImageUrl,mentionedUsers/0/profileBannerUrl,mentionedUsers/1/username,mentionedUsers/1/displayname,mentionedUsers/1/id,mentionedUsers/1/description,mentionedUsers/1/rawDescription,mentionedUsers/1/descriptionUrls/0,mentionedUsers/1/verified,mentionedUsers/1/created,mentionedUsers/1/followersCount,mentionedUsers/1/friendsCount,mentionedUsers/1/statusesCount,mentionedUsers/1/favouritesCount,mentionedUsers/1/listedCount,mentionedUsers/1/mediaCount,mentionedUsers/1/location,mentionedUsers/1/protected,mentionedUsers/1/linkUrl,mentionedUsers/1/linkTcourl,mentionedUsers/1/profileImageUrl,mentionedUsers/1/profileBannerUrl,mentionedUsers/2/username,mentionedUsers/2/displayname,mentionedUsers/2/id,mentionedUsers/2/description,mentionedUsers/2/rawDescription,mentionedUsers/2/descriptionUrls/0,mentionedUsers/2/verified,mentionedUsers/2/created,mentionedUsers/2/followersCount,mentionedUsers/2/friendsCount,mentionedUsers/2/statusesCount,mentionedUsers/2/favouritesCount,mentionedUsers/2/listedCount,mentionedUsers/2/mediaCount,mentionedUsers/2/location,mentionedUsers/2/protected,mentionedUsers/2/linkUrl,mentionedUsers/2/linkTcourl,mentionedUsers/2/profileImageUrl,mentionedUsers/2/profileBannerUrl,mentionedUsers/3/username,mentionedUsers/3/displayname,mentionedUsers/3/id,mentionedUsers/3/description,mentionedUsers/3/rawDescription,mentionedUsers/3/descriptionUrls/0,mentionedUsers/3/verified,mentionedUsers/3/created,mentionedUsers/3/followersCount,mentionedUsers/3/friendsCount,mentionedUsers/3/statusesCount,mentionedUsers/3/favouritesCount,mentionedUsers/3/listedCount,mentionedUsers/3/mediaCount,mentionedUsers/3/location,mentionedUsers/3/protected,mentionedUsers/3/linkUrl,mentionedUsers/3/linkTcourl,mentionedUsers/3/profileImageUrl,mentionedUsers/3/profileBannerUrl,mentionedUsers/4/username,mentionedUsers/4/displayname,mentionedUsers/4/id,mentionedUsers/4/description,mentionedUsers/4/rawDescription,mentionedUsers/4/descriptionUrls/0,mentionedUsers/4/verified,mentionedUsers/4/created,mentionedUsers/4/followersCount,mentionedUsers/4/friendsCount,mentionedUsers/4/statusesCount,mentionedUsers/4/favouritesCount,mentionedUsers/4/listedCount,mentionedUsers/4/mediaCount,mentionedUsers/4/location,mentionedUsers/4/protected,mentionedUsers/4/linkUrl,mentionedUsers/4/linkTcourl,mentionedUsers/4/profileImageUrl,mentionedUsers/4/profileBannerUrl,outlinks/0,tcooutlinks/0,mentionedUsers/0,quotedTweet/url,quotedTweet/date,quotedTweet/content,quotedTweet/renderedContent,quotedTweet/id,quotedTweet/user/username,quotedTweet/user/displayname,quotedTweet/user/id,quotedTweet/user/description,quotedTweet/user/rawDescription,quotedTweet/user/verified,quotedTweet/user/created,quotedTweet/user/followersCount,quotedTweet/user/friendsCount,quotedTweet/user/statusesCount,quotedTweet/user/favouritesCount,quotedTweet/user/listedCount,quotedTweet/user/mediaCount,quotedTweet/user/location,quotedTweet/user/protected,quotedTweet/user/linkUrl,quotedTweet/user/linkTcourl,quotedTweet/user/profileImageUrl,quotedTweet/user/profileBannerUrl,quotedTweet/replyCount,quotedTweet/retweetCount,quotedTweet/likeCount,quotedTweet/quoteCount,quotedTweet/conversationId,quotedTweet/lang,quotedTweet/source,quotedTweet/sourceUrl,quotedTweet/sourceLabel,quotedTweet/media/0/previewUrl,quotedTweet/media/0/fullUrl,quotedTweet/media/0/type,quotedTweet/retweetedTweet,quotedTweet/quotedTweet,quotedTweet/mentionedUsers/0,quotedTweet/media/0/thumbnailUrl,quotedTweet/media/0/variants/0/contentType,quotedTweet/media/0/variants/0/url,quotedTweet/media/0/variants/0/bitrate,quotedTweet/media/0/variants/1/contentType,quotedTweet/media/0/variants/1/url,quotedTweet/media/0/variants/1/bitrate,quotedTweet/media/0/variants/2/contentType,quotedTweet/media/0/variants/2/url,quotedTweet/media/0/variants/2/bitrate,quotedTweet/media/0/variants/3/contentType,quotedTweet/media/0/variants/3/url,quotedTweet/media/0/variants/3/bitrate,quotedTweet/media/0/duration,quotedTweet/mentionedUsers/0/username,quotedTweet/mentionedUsers/0/displayname,quotedTweet/mentionedUsers/0/id,quotedTweet/mentionedUsers/0/description,quotedTweet/mentionedUsers/0/rawDescription,quotedTweet/mentionedUsers/0/descriptionUrls/0,quotedTweet/mentionedUsers/0/verified,quotedTweet/mentionedUsers/0/created,quotedTweet/mentionedUsers/0/followersCount,quotedTweet/mentionedUsers/0/friendsCount,quotedTweet/mentionedUsers/0/statusesCount,quotedTweet/mentionedUsers/0/favouritesCount,quotedTweet/mentionedUsers/0/listedCount,quotedTweet/mentionedUsers/0/mediaCount,quotedTweet/mentionedUsers/0/location,quotedTweet/mentionedUsers/0/protected,quotedTweet/mentionedUsers/0/linkUrl,quotedTweet/mentionedUsers/0/linkTcourl,quotedTweet/mentionedUsers/0/profileImageUrl,quotedTweet/mentionedUsers/0/profileBannerUrl,quotedTweet/mentionedUsers/1/username,quotedTweet/mentionedUsers/1/displayname,quotedTweet/mentionedUsers/1/id,quotedTweet/mentionedUsers/1/description,quotedTweet/mentionedUsers/1/rawDescription,quotedTweet/mentionedUsers/1/descriptionUrls/0,quotedTweet/mentionedUsers/1/verified,quotedTweet/mentionedUsers/1/created,quotedTweet/mentionedUsers/1/followersCount,quotedTweet/mentionedUsers/1/friendsCount,quotedTweet/mentionedUsers/1/statusesCount,quotedTweet/mentionedUsers/1/favouritesCount,quotedTweet/mentionedUsers/1/listedCount,quotedTweet/mentionedUsers/1/mediaCount,quotedTweet/mentionedUsers/1/location,quotedTweet/mentionedUsers/1/protected,quotedTweet/mentionedUsers/1/linkUrl,quotedTweet/mentionedUsers/1/linkTcourl,quotedTweet/mentionedUsers/1/profileImageUrl,quotedTweet/mentionedUsers/1/profileBannerUrl,media/0/previewUrl,media/0/fullUrl,media/0/type,mentionedUsers/5/username,mentionedUsers/5/displayname,mentionedUsers/5/id,mentionedUsers/5/description,mentionedUsers/5/rawDescription,mentionedUsers/5/descriptionUrls/0,mentionedUsers/5/verified,mentionedUsers/5/created,mentionedUsers/5/followersCount,mentionedUsers/5/friendsCount,mentionedUsers/5/statusesCount,mentionedUsers/5/favouritesCount,mentionedUsers/5/listedCount,mentionedUsers/5/mediaCount,mentionedUsers/5/location,mentionedUsers/5/protected,mentionedUsers/5/linkUrl,mentionedUsers/5/linkTcourl,mentionedUsers/5/profileImageUrl,mentionedUsers/5/profileBannerUrl,mentionedUsers/6/username,mentionedUsers/6/displayname,mentionedUsers/6/id,mentionedUsers/6/description,mentionedUsers/6/rawDescription,mentionedUsers/6/descriptionUrls/0,mentionedUsers/6/verified,mentionedUsers/6/created,mentionedUsers/6/followersCount,mentionedUsers/6/friendsCount,mentionedUsers/6/statusesCount,mentionedUsers/6/favouritesCount,mentionedUsers/6/listedCount,mentionedUsers/6/mediaCount,mentionedUsers/6/location,mentionedUsers/6/protected,mentionedUsers/6/linkUrl,mentionedUsers/6/linkTcourl,mentionedUsers/6/profileImageUrl,mentionedUsers/6/profileBannerUrl,mentionedUsers/7/username,mentionedUsers/7/displayname,mentionedUsers/7/id,mentionedUsers/7/description,mentionedUsers/7/rawDescription,mentionedUsers/7/descriptionUrls/0,mentionedUsers/7/verified,mentionedUsers/7/created,mentionedUsers/7/followersCount,mentionedUsers/7/friendsCount,mentionedUsers/7/statusesCount,mentionedUsers/7/favouritesCount,mentionedUsers/7/listedCount,mentionedUsers/7/mediaCount,mentionedUsers/7/location,mentionedUsers/7/protected,mentionedUsers/7/linkUrl,mentionedUsers/7/linkTcourl,mentionedUsers/7/profileImageUrl,mentionedUsers/7/profileBannerUrl,quotedTweet/media/0,quotedTweet/outlinks/0,quotedTweet/tcooutlinks/0,quotedTweet/mentionedUsers/2/username,quotedTweet/mentionedUsers/2/displayname,quotedTweet/mentionedUsers/2/id,quotedTweet/mentionedUsers/2/description,quotedTweet/mentionedUsers/2/rawDescription,quotedTweet/mentionedUsers/2/descriptionUrls/0,quotedTweet/mentionedUsers/2/verified,quotedTweet/mentionedUsers/2/created,quotedTweet/mentionedUsers/2/followersCount,quotedTweet/mentionedUsers/2/friendsCount,quotedTweet/mentionedUsers/2/statusesCount,quotedTweet/mentionedUsers/2/favouritesCount,quotedTweet/mentionedUsers/2/listedCount,quotedTweet/mentionedUsers/2/mediaCount,quotedTweet/mentionedUsers/2/location,quotedTweet/mentionedUsers/2/protected,quotedTweet/mentionedUsers/2/linkUrl,quotedTweet/mentionedUsers/2/linkTcourl,quotedTweet/mentionedUsers/2/profileImageUrl,quotedTweet/mentionedUsers/2/profileBannerUrl,quotedTweet/mentionedUsers/3/username,quotedTweet/mentionedUsers/3/displayname,quotedTweet/mentionedUsers/3/id,quotedTweet/mentionedUsers/3/description,quotedTweet/mentionedUsers/3/rawDescription,quotedTweet/mentionedUsers/3/descriptionUrls/0,quotedTweet/mentionedUsers/3/verified,quotedTweet/mentionedUsers/3/created,quotedTweet/mentionedUsers/3/followersCount,quotedTweet/mentionedUsers/3/friendsCount,quotedTweet/mentionedUsers/3/statusesCount,quotedTweet/mentionedUsers/3/favouritesCount,quotedTweet/mentionedUsers/3/listedCount,quotedTweet/mentionedUsers/3/mediaCount,quotedTweet/mentionedUsers/3/location,quotedTweet/mentionedUsers/3/protected,quotedTweet/mentionedUsers/3/linkUrl,quotedTweet/mentionedUsers/3/linkTcourl,quotedTweet/mentionedUsers/3/profileImageUrl,quotedTweet/mentionedUsers/3/profileBannerUrl
https://twitter.com/tucarpenter/status/1289205977237999616,2020-07-31T14:27:11+00:00,@jt_carver @CoachJPruitt @Coach__Blount @CoachWatsonUT @coachtee17 Way to go JT!üß°,@jt_carver @CoachJPruitt @Coach__Blount @CoachWatsonUT @coachtee17 Way to go JT!üß°,1289205977237999600,tucarpenter,Tiffany U. Carpenter,45613634,,,false,2009-06-08T17:09:40+00:00,1091,623,2130,6038,68,79,"Knoxville, TN",false,,,https://pbs.twimg.com/profile_images/1052915458322702336/cEzvN8au_normal.jpg,https://pbs.twimg.com/profile_banners/45613634/1600786721,0,0,2,0,1289014775733788700,en,"<a href=""http://twitter.com/download/iphone"" rel=""nofollow"">Twitter for iPhone</a>",http://twitter.com/download/iphone,Twitter for iPhone,,,,jt_carver,JT Carver,1018612680670752800,,,,,,,,,,,,,,,,,,CoachJPruitt,Jeremy Pruitt,1406714959,,,,,,,,,,,,,,,,,,Coach__Blount,Coach Carter Blount,2543775467,,,,,,,,,,,,,,,,,,CoachWatsonUT,Todd Watson,2965015122,,,,,,,,,,,,,,,,,,coachtee17,Tee Martin,2557196155,,,,,,,,,,,,,,,,,,,,,,,,,,,,,,,,,,,,,,,,,,,,,,,,,,,,,,,,,,,,,,,,,,,,,,,,,,,,,,,,,,,,,,,,,,,,,,,,,,,,,,,,,,,,,,,,,,,,,,,,,,,,,,,,,,,,,,,,,,,,,,,,,,,,,,,,,,,,,,,,,,,,,,,,,,,,,,,,,,,,,,,,,,,,,,,,,,,,,,,,,,,,,,,,,,,,,,,,,,,
https://twitter.com/tucarpenter/status/1286113727532732425,2020-07-23T01:39:42+00:00,@FullStriedAhead @AmyGGiants Wow. What part of that seemed appropriate.,@FullStriedAhead @AmyGGiants Wow. What part of that seemed appropriate.,1286113727532732400,tucarpenter,Tiffany U. Carpenter,45613634,,,false,2009-06-08T17:09:40+00:00,1091,623,2130,6038,68,79,"Knoxville, TN",false,,,https://pbs.twimg.com/profile_images/1052915458322702336/cEzvN8au_normal.jpg,https://pbs.twimg.com/profile_banners/45613634/1600786721,0,0,0,0,1285943748996849700,en,"<a href=""http://twitter.com/download/iphone"" rel=""nofollow"">Twitter for iPhone</a>",http://twitter.com/download/iphone,Twitter for iPhone,,,,FullStriedAhead,Christopher Stried,161121424,,,,,,,,,,,,,,,,,,AmyGGiants,Amy Gutierrez,126425051,,,,,,,,,,,,,,,,,,,,,,,,,,,,,,,,,,,,,,,,,,,,,,,,,,,,,,,,,,,,,,,,,,,,,,,,,,,,,,,,,,,,,,,,,,,,,,,,,,,,,,,,,,,,,,,,,,,,,,,,,,,,,,,,,,,,,,,,,,,,,,,,,,,,,,,,,,,,,,,,,,,,,,,,,,,,,,,,,,,,,,,,,,,,,,,,,,,,,,,,,,,,,,,,,,,,,,,,,,,,,,,,,,,,,,,,,,,,,,,,,,,,,,,,,,,,,,,,,,,,,,,,,,,,,,,,,,,,,,,
https://twitter.com/tucarpenter/status/1284614215840534529,2020-07-18T22:21:10+00:00,"I LOVE the new Bristol mural! #EveruwhereUT @ Bristol, Tennessee https://t.co/51QFabu23T","I LOVE the new Bristol mural! #EveruwhereUT @ Bristol, Tennessee instagram.com/p/CCzMxdoA3lyl‚Ä¶",1284614215840534500,tucarpenter,Tiffany U. Carpenter,45613634,,,false,2009-06-08T17:09:40+00:00,1091,623,2130,6038,68,79,"Knoxville, TN",false,,,https://pbs.twimg.com/profile_images/1052915458322702336/cEzvN8au_normal.jpg,https://pbs.twimg.com/profile_banners/45613634/1600786721,0,0,3,0,1284614215840534500,en,"<a href=""http://instagram.com"" rel=""nofollow"">Instagram</a>",http://instagram.com,Instagram,,,,,,,,,,,,,,,,,,,,,,,,,,,,,,,,,,,,,,,,,,,,,,,,,,,,,,,,,,,,,,,,,,,,,,,,,,,,,,,,,,,,,,,,,,,,,,,,,,,,,,,,https://www.instagram.com/p/CCzMxdoA3lylyrtR6pbsIyiZ5O9pXitS5BKomU0/?igshid=zo716sclz104,https://t.co/51QFabu23T,,,,,,,,,,,,,,,,,,,,,,,,,,,,,,,,,,,,,,,,,,,,,,,,,,,,,,,,,,,,,,,,,,,,,,,,,,,,,,,,,,,,,,,,,,,,,,,,,,,,,,,,,,,,,,,,,,,,,,,,,,,,,,,,,,,,,,,,,,,,,,,,,,,,,,,,,,,,,,,,,,,,,,,,,,,,,,,,,,,,,,,,,,,,,,,,,,,,,,,,
https://twitter.com/tucarpenter/status/1282015986003120128,2020-07-11T18:16:44+00:00,Congrats @karalawson20!!! https://t.co/0Vbo2EgXX3,Congrats @karalawson20!!! twitter.com/DukeWBB/status‚Ä¶,1282015986003120000,tucarpenter,Tiffany U. Carpenter,45613634,,,false,2009-06-08T17:09:40+00:00,1091,623,2130,6038,68,79,"Knoxville, TN",false,,,https://pbs.twimg.com/profile_images/1052915458322702336/cEzvN8au_normal.jpg,https://pbs.twimg.com/profile_banners/45613634/1600786721,0,0,3,0,1282015986003120000,en,"<a href=""http://twitter.com/download/iphone"" rel=""nofollow"">Twitter for iPhone</a>",http://twitter.com/download/iphone,Twitter for iPhone,,,,karalawson20,Kara Lawson,35847484,,,,,,,,,,,,,,,,,,,,,,,,,,,,,,,,,,,,,,,,,,,,,,,,,,,,,,,,,,,,,,,,,,,,,,,,,,,,,,,,,,,,,,,,,,,,,,,,,,https://twitter.com/DukeWBB/status/1282005558892036098,https://t.co/0Vbo2EgXX3,,https://twitter.com/DukeWBB/status/1282005558892036098,2020-07-11T17:35:18+00:00,"OFFICIAL.

Welcome to Duke, Kara Lawson! https://t.co/0IIV5WprPD","OFFICIAL.

Welcome to Duke, Kara Lawson! https://t.co/0IIV5WprPD",1282005558892036000,DukeWBB,Duke Women‚Äôs Basketball,23799383,üìöüèÄüèÜüéìüè∞üíôüòà‚úàÔ∏èüåç #KaraEra #WhyKara,üìöüèÄüèÜüéìüè∞üíôüòà‚úàÔ∏èüåç #KaraEra #WhyKara,true,2009-03-11T17:57:06+00:00,25413,340,32026,7205,235,7452,Cameron Indoor Stadium,false,http://dukekaraera.com,https://t.co/awtdLwPuF6,https://pbs.twimg.com/profile_images/1290664801195249674/EYZg8qNJ_normal.jpg,https://pbs.twimg.com/profile_banners/23799383/1596580687,436,2833,18044,1481,1282005558892036000,en,"<a href=""http://twitter.com/download/iphone"" rel=""nofollow"">Twitter for iPhone</a>",http://twitter.com/download/iphone,Twitter for iPhone,https://pbs.twimg.com/media/EcqZP3eXgAYo6ve?format=jpg&name=small,https://pbs.twimg.com/media/EcqZP3eXgAYo6ve?format=jpg&name=large,photo,,,,,,,,,,,,,,,,,,,,,,,,,,,,,,,,,,,,,,,,,,,,,,,,,,,,,,,,,,,,,,,,,,,,,,,,,,,,,,,,,,,,,,,,,,,,,,,,,,,,,,,,,,,,,,,,,,,,,,,,,,,,,,,,,,,,,,,,,,,,,,,,,,,,,,,,,,,,,,,,,,,
https://twitter.com/tucarpenter/status/1275152552674365442,2020-06-22T19:43:54+00:00,@KC4UTM This is amazing!,@KC4UTM This is amazing!,1275152552674365400,tucarpenter,Tiffany U. Carpenter,45613634,,,false,2009-06-08T17:09:40+00:00,1091,623,2130,6038,68,79,"Knoxville, TN",false,,,https://pbs.twimg.com/profile_images/1052915458322702336/cEzvN8au_normal.jpg,https://pbs.twimg.com/profile_banners/45613634/1600786721,0,0,1,0,1275044656426954800,en,"<a href=""http://twitter.com/download/iphone"" rel=""nofollow"">Twitter for iPhone</a>",http://twitter.com/download/iphone,Twitter for iPhone,,,,KC4UTM,keith carver,461936699,,,,,,,,,,,,,,,,,,,,,,,,,,,,,,,,,,,,,,,,,,,,,,,,,,,,,,,,,,,,,,,,,,,,,,,,,,,,,,,,,,,,,,,,,,,,,,,,,,,,,,,,,,,,,,,,,,,,,,,,,,,,,,,,,,,,,,,,,,,,,,,,,,,,,,,,,,,,,,,,,,,,,,,,,,,,,,,,,,,,,,,,,,,,,,,,,,,,,,,,,,,,,,,,,,,,,,,,,,,,,,,,,,,,,,,,,,,,,,,,,,,,,,,,,,,,,,,,,,,,,,,,,,,,,,,,,,,,,,,,,,,,,,,,,,,,,,,,,,,
https://twitter.com/tucarpenter/status/1273307188992151552,2020-06-17T17:31:05+00:00,@davidgrim14 üò≥,@davidgrim14 üò≥,1273307188992151600,tucarpenter,Tiffany U. Carpenter,45613634,,,false,2009-06-08T17:09:40+00:00,1091,623,2130,6038,68,79,"Knoxville, TN",false,,,https://pbs.twimg.com/profile_images/1052915458322702336/cEzvN8au_normal.jpg,https://pbs.twimg.com/profile_banners/45613634/1600786721,0,0,0,0,1273204482080374800,und,"<a href=""http://twitter.com/download/iphone"" rel=""nofollow"">Twitter for iPhone</a>",http://twitter.com/download/iphone,Twitter for iPhone,,,,davidgrim14,David Grim,24758898,,,,,,,,,,,,,,,,,,,,,,,,,,,,,,,,,,,,,,,,,,,,,,,,,,,,,,,,,,,,,,,,,,,,,,,,,,,,,,,,,,,,,,,,,,,,,,,,,,,,,,,,,,,,,,,,,,,,,,,,,,,,,,,,,,,,,,,,,,,,,,,,,,,,,,,,,,,,,,,,,,,,,,,,,,,,,,,,,,,,,,,,,,,,,,,,,,,,,,,,,,,,,,,,,,,,,,,,,,,,,,,,,,,,,,,,,,,,,,,,,,,,,,,,,,,,,,,,,,,,,,,,,,,,,,,,,,,,,,,,,,,,,,,,,,,,,,,,,,,
https://twitter.com/tucarpenter/status/1269273429947166721,2020-06-06T14:22:22+00:00,I could not love this more! #VolisaVerb https://t.co/ns7QqugMXX,I could not love this more! #VolisaVerb twitter.com/Vol_Football/s‚Ä¶,1269273429947166700,tucarpenter,Tiffany U. Carpenter,45613634,,,false,2009-06-08T17:09:40+00:00,1091,623,2130,6038,68,79,"Knoxville, TN",false,,,https://pbs.twimg.com/profile_images/1052915458322702336/cEzvN8au_normal.jpg,https://pbs.twimg.com/profile_banners/45613634/1600786721,0,0,0,0,1269273429947166700,en,"<a href=""http://twitter.com/download/iphone"" rel=""nofollow"">Twitter for iPhone</a>",http://twitter.com/download/iphone,Twitter for iPhone,,,,,,,,,,,,,,,,,,,,,,,,,,,,,,,,,,,,,,,,,,,,,,,,,,,,,,,,,,,,,,,,,,,,,,,,,,,,,,,,,,,,,,,,,,,,,,,,,,,,,,,,https://twitter.com/Vol_Football/status/1269048298473762819,https://t.co/ns7QqugMXX,,https://twitter.com/Vol_Football/status/1269048298473762819,2020-06-05T23:27:46+00:00,https://t.co/LD7Y2fMrh8,https://t.co/LD7Y2fMrh8,1269048298473762800,Vol_Football,Tennessee Football,181180906,Official Twitter for the University of Tennessee Football program | National Championships: 6üèÜ | SEC Championships: 13üèÜ | #PoweredByTheT,Official Twitter for the University of Tennessee Football program | National Championships: 6üèÜ | SEC Championships: 13üèÜ | #PoweredByTheT,true,2010-08-21T14:20:58+00:00,634028,1886,71440,10557,1826,25342,"Knoxville, TN",false,http://utsports.com/football,https://t.co/j4vktLvL5T,https://pbs.twimg.com/profile_images/1320136703684743171/qY48KaCu_normal.jpg,https://pbs.twimg.com/profile_banners/181180906/1603580093,109,1641,5537,423,1269048298473762800,und,"<a href=""https://studio.twitter.com"" rel=""nofollow"">Twitter Media Studio</a>",https://studio.twitter.com,Twitter Media Studio,,,video,,,,https://pbs.twimg.com/media/EZySKV3WsAEpODN.jpg,application/x-mpegURL,https://video.twimg.com/amplify_video/1269047811724783617/pl/oc9mawtaHEBVjMoq.m3u8?tag=13,,video/mp4,https://video.twimg.com/amplify_video/1269047811724783617/vid/640x360/-TysdLWRxKTbiNgF.mp4?tag=13,832000,video/mp4,https://video.twimg.com/amplify_video/1269047811724783617/vid/480x270/QfsyZQi-whXkQPN4.mp4?tag=13,288000,video/mp4,https://video.twimg.com/amplify_video/1269047811724783617/vid/1280x720/_TIfmhnd25_qyslA.mp4?tag=13,2176000,78.662,,,,,,,,,,,,,,,,,,,,,,,,,,,,,,,,,,,,,,,,,,,,,,,,,,,,,,,,,,,,,,,,,,,,,,,,,,,,,,,,,,,,,,,,,,,,,,,,,,,,,,,,,,,,,,,,,,,,,,,,,,,,,,,,,,,,,,,,,,,,,,,,,,
https://twitter.com/tucarpenter/status/1258000190851764224,2020-05-06T11:46:32+00:00,@rickcpd201 Outstanding!,@rickcpd201 Outstanding!,1258000190851764200,tucarpenter,Tiffany U. Carpenter,45613634,,,false,2009-06-08T17:09:40+00:00,1091,623,2130,6038,68,79,"Knoxville, TN",false,,,https://pbs.twimg.com/profile_images/1052915458322702336/cEzvN8au_normal.jpg,https://pbs.twimg.com/profile_banners/45613634/1600786721,0,0,0,0,1257998914655002600,en,"<a href=""http://twitter.com/download/iphone"" rel=""nofollow"">Twitter for iPhone</a>",http://twitter.com/download/iphone,Twitter for iPhone,,,,rickcpd201,Rick Scarbrough,2276816204,,,,,,,,,,,,,,,,,,,,,,,,,,,,,,,,,,,,,,,,,,,,,,,,,,,,,,,,,,,,,,,,,,,,,,,,,,,,,,,,,,,,,,,,,,,,,,,,,,,,,,,,,,,,,,,,,,,,,,,,,,,,,,,,,,,,,,,,,,,,,,,,,,,,,,,,,,,,,,,,,,,,,,,,,,,,,,,,,,,,,,,,,,,,,,,,,,,,,,,,,,,,,,,,,,,,,,,,,,,,,,,,,,,,,,,,,,,,,,,,,,,,,,,,,,,,,,,,,,,,,,,,,,,,,,,,,,,,,,,,,,,,,,,,,,,,,,,,,,,
https://twitter.com/tucarpenter/status/1255175276511846402,2020-04-28T16:41:20+00:00,@KC4UTM you‚Äôre amazing! #imnotcrying https://t.co/qloSxJ5TCI,@KC4UTM you‚Äôre amazing! #imnotcrying twitter.com/UT_President/s‚Ä¶,1255175276511846400,tucarpenter,Tiffany U. Carpenter,45613634,,,false,2009-06-08T17:09:40+00:00,1091,623,2130,6038,68,79,"Knoxville, TN",false,,,https://pbs.twimg.com/profile_images/1052915458322702336/cEzvN8au_normal.jpg,https://pbs.twimg.com/profile_banners/45613634/1600786721,1,0,4,0,1255175276511846400,en,"<a href=""http://twitter.com/download/iphone"" rel=""nofollow"">Twitter for iPhone</a>",http://twitter.com/download/iphone,Twitter for iPhone,,,,KC4UTM,keith carver,461936699,,,,,,,,,,,,,,,,,,,,,,,,,,,,,,,,,,,,,,,,,,,,,,,,,,,,,,,,,,,,,,,,,,,,,,,,,,,,,,,,,,,,,,,,,,,,,,,,,,https://twitter.com/UT_President/status/1255166578741645312,https://t.co/qloSxJ5TCI,,https://twitter.com/UT_President/status/1255166578741645312,2020-04-28T16:06:46+00:00,".@utmartin Chancellor @KC4UTM is reminding us that our students are the reason for everything we do. Thanks Dr. Carver &amp; all faculty/staff for your passion for UT, and congrats to Lexie &amp; all our 2020 graduates across the System. We're so proud of you!
#EverywhereUT #beUTMproud https://t.co/Wu36Mi622n",".@utmartin Chancellor @KC4UTM is reminding us that our students are the reason for everything we do. Thanks Dr. Carver &amp; all faculty/staff for your passion for UT, and congrats to Lexie &amp; all our 2020 graduates across the System. We're so proud of you!
#EverywhereUT #beUTMproud https://t.co/Wu36Mi622n",1255166578741645300,UT_President,UT System President Randy Boyd,1064549642661175300,Randy Boyd is serving as the 26th president of the University of Tennessee System.,Randy Boyd is serving as the 26th president of the University of Tennessee System.,false,2018-11-19T16:03:08+00:00,4574,765,853,1717,26,412,,false,http://president.tennessee.edu,https://t.co/581pev7MWA,https://pbs.twimg.com/profile_images/1090808137408495616/RBYh4aqn_normal.jpg,https://pbs.twimg.com/profile_banners/1064549642661175296/1550687243,2,18,137,4,1255166578741645300,en,"<a href=""http://twitter.com/download/iphone"" rel=""nofollow"">Twitter for iPhone</a>",http://twitter.com/download/iphone,Twitter for iPhone,,,video,,,,https://pbs.twimg.com/ext_tw_video_thumb/1255166403012972545/pu/img/MCcbkleG_If-UPmW.jpg,video/mp4,https://video.twimg.com/ext_tw_video/1255166403012972545/pu/vid/1280x720/m6S4IgRMtRDUfyTM.mp4?tag=10,2176000,video/mp4,https://video.twimg.com/ext_tw_video/1255166403012972545/pu/vid/640x360/ImKbVne6U-sKhD7E.mp4?tag=10,832000,video/mp4,https://video.twimg.com/ext_tw_video/1255166403012972545/pu/vid/480x270/D7tlr3ZRUnEIgZ4i.mp4?tag=10,256000,application/x-mpegURL,https://video.twimg.com/ext_tw_video/1255166403012972545/pu/pl/MXCWSPeqbciIE9cy.m3u8?tag=10,,98.966,utmartin,UT Martin,30592108,,,,,,,,,,,,,,,,,,KC4UTM,keith carver,461936699,,,,,,,,,,,,,,,,,,,,,,,,,,,,,,,,,,,,,,,,,,,,,,,,,,,,,,,,,,,,,,,,,,,,,,,,,,,,,,,,,,,,,,,,,,,,,,,,,,,,,,,,,,,,,,,,,,,,,,,,,,,
https://twitter.com/tucarpenter/status/1250150989736349697,2020-04-14T19:56:37+00:00,@UT_President @UTKnoxville @UTChattanooga @utmartin @uthsc @UTIAg @UT_IPS @UTAdvocator https://t.co/Wd8DnZh5KW,@UT_President @UTKnoxville @UTChattanooga @utmartin @uthsc @UTIAg @UT_IPS @UTAdvocator https://t.co/Wd8DnZh5KW,1250150989736349700,tucarpenter,Tiffany U. Carpenter,45613634,,,false,2009-06-08T17:09:40+00:00,1091,623,2130,6038,68,79,"Knoxville, TN",false,,,https://pbs.twimg.com/profile_images/1052915458322702336/cEzvN8au_normal.jpg,https://pbs.twimg.com/profile_banners/45613634/1600786721,0,0,4,0,1250059034780217300,und,"<a href=""http://twitter.com/download/iphone"" rel=""nofollow"">Twitter for iPhone</a>",http://twitter.com/download/iphone,Twitter for iPhone,,,,UT_President,UT System President Randy Boyd,1064549642661175300,,,,,,,,,,,,,,,,,,UTKnoxville,UT Knoxville,19773627,,,,,,,,,,,,,,,,,,UTChattanooga,UTChattanooga,108651709,,,,,,,,,,,,,,,,,,utmartin,UT Martin,30592108,,,,,,,,,,,,,,,,,,uthsc,UTHSC,14277692,,,,,,,,,,,,,,,,,,,,,,,,,,,,,,,,,,,,,,,,,,,,,,,,,,,,,,,,,,,,,,,,,,,,,,,,,,,,,,,,,,,,,,,,,,,,,,,,,,,,,,,,,,,,,,,,,,https://pbs.twimg.com/media/EVltslVWsAIAPvn?format=jpg&name=small,https://pbs.twimg.com/media/EVltslVWsAIAPvn?format=jpg&name=large,photo,UTIAg,UTIA,2493430422,,,,,,,,,,,,,,,,,,UT_IPS,UT IPS,849431970,,,,,,,,,,,,,,,,,,UTAdvocator,UT Advocator,480699545,,,,,,,,,,,,,,,,,,,,,,,,,,,,,,,,,,,,,,,,,,,,,,,,,,,,,,,,,,,,
https://twitter.com/tucarpenter/status/1249047060030070787,2020-04-11T18:49:59+00:00,"Challenge accepted @ChrisFuller22. Couldn‚Äôt find any from my @PredsNHL days. 

Post 4 photos of you working in sports within 24 hours and/or donate $20 to a local charity. 

I challenge @Kassidie and @amymgoodrich https://t.co/8nNRxbhwzy","Challenge accepted @ChrisFuller22. Couldn‚Äôt find any from my @PredsNHL days. 

Post 4 photos of you working in sports within 24 hours and/or donate $20 to a local charity. 

I challenge @Kassidie and @amymgoodrich https://t.co/8nNRxbhwzy",1249047060030070800,tucarpenter,Tiffany U. Carpenter,45613634,,,false,2009-06-08T17:09:40+00:00,1091,623,2130,6038,68,79,"Knoxville, TN",false,,,https://pbs.twimg.com/profile_images/1052915458322702336/cEzvN8au_normal.jpg,https://pbs.twimg.com/profile_banners/45613634/1600786721,0,0,3,0,1249047060030070800,en,"<a href=""http://twitter.com/download/iphone"" rel=""nofollow"">Twitter for iPhone</a>",http://twitter.com/download/iphone,Twitter for iPhone,,,,ChrisFuller22,Chris Fuller,54519684,,,,,,,,,,,,,,,,,,PredsNHL,Nashville Predators,29264626,,,,,,,,,,,,,,,,,,Kassidie,Kassidie Blackstock,23950354,,,,,,,,,,,,,,,,,,amymgoodrich,Amy Goodrich,34451776,,,,,,,,,,,,,,,,,,,,,,,,,,,,,,,,,,,,,,,,,,,,,,,,,,,,,,,,,,,,,,,,,,,,,,,,,,,,,,,,,,,,,,,,,,,,,,,,,,,,,,,,,,,,,,,,,,,,,,,,,,,,,,,,,,,,,,https://pbs.twimg.com/media/EVWBrf7WsAAvCMM?format=jpg&name=small,https://pbs.twimg.com/media/EVWBrf7WsAAvCMM?format=jpg&name=large,photo,,,,,,,,,,,,,,,,,,,,,,,,,,,,,,,,,,,,,,,,,,,,,,,,,,,,,,,,,,,,,,,,,,,,,,,,,,,,,,,,,,,,,,,,,,,,,,,,,,,,,,,
https://twitter.com/tucarpenter/status/1247657383410765827,2020-04-07T22:47:55+00:00,@zachstipe I cried like a baby at the end! #uglycrying,@zachstipe I cried like a baby at the end! #uglycrying,1247657383410765800,tucarpenter,Tiffany U. Carpenter,45613634,,,false,2009-06-08T17:09:40+00:00,1091,623,2130,6038,68,79,"Knoxville, TN",false,,,https://pbs.twimg.com/profile_images/1052915458322702336/cEzvN8au_normal.jpg,https://pbs.twimg.com/profile_banners/45613634/1600786721,1,0,0,0,1247329804615114800,en,"<a href=""http://twitter.com/download/iphone"" rel=""nofollow"">Twitter for iPhone</a>",http://twitter.com/download/iphone,Twitter for iPhone,,,,zachstipe,Zach Stipe,67369763,,,,,,,,,,,,,,,,,,,,,,,,,,,,,,,,,,,,,,,,,,,,,,,,,,,,,,,,,,,,,,,,,,,,,,,,,,,,,,,,,,,,,,,,,,,,,,,,,,,,,,,,,,,,,,,,,,,,,,,,,,,,,,,,,,,,,,,,,,,,,,,,,,,,,,,,,,,,,,,,,,,,,,,,,,,,,,,,,,,,,,,,,,,,,,,,,,,,,,,,,,,,,,,,,,,,,,,,,,,,,,,,,,,,,,,,,,,,,,,,,,,,,,,,,,,,,,,,,,,,,,,,,,,,,,,,,,,,,,,,,,,,,,,,,,,,,,,,,,,
https://twitter.com/tucarpenter/status/1245367944521175042,2020-04-01T15:10:30+00:00,Yes!  Or rolled their eyes üôÑ https://t.co/NUxV4w4VOm,Yes!  Or rolled their eyes üôÑ twitter.com/KevinHamlin/st‚Ä¶,1245367944521175000,tucarpenter,Tiffany U. Carpenter,45613634,,,false,2009-06-08T17:09:40+00:00,1091,623,2130,6038,68,79,"Knoxville, TN",false,,,https://pbs.twimg.com/profile_images/1052915458322702336/cEzvN8au_normal.jpg,https://pbs.twimg.com/profile_banners/45613634/1600786721,0,0,0,0,1245367944521175000,en,"<a href=""http://twitter.com/download/iphone"" rel=""nofollow"">Twitter for iPhone</a>",http://twitter.com/download/iphone,Twitter for iPhone,,,,,,,,,,,,,,,,,,,,,,,,,,,,,,,,,,,,,,,,,,,,,,,,,,,,,,,,,,,,,,,,,,,,,,,,,,,,,,,,,,,,,,,,,,,,,,,,,,,,,,,,https://twitter.com/KevinHamlin/status/1245130410348216320,https://t.co/NUxV4w4VOm,,https://twitter.com/KevinHamlin/status/1245130410348216320,2020-03-31T23:26:37+00:00,Hell hath no fury like a mother after her 12 year-old daughter calls her ‚Äúbruh‚Äù in the middle of an argument üòÇ,Hell hath no fury like a mother after her 12 year-old daughter calls her ‚Äúbruh‚Äù in the middle of an argument üòÇ,1245130410348216300,KevinHamlin,Kevin Hamlin,40864634,"Grace, Kohen, Blair's dad. Mandi's husband. 88 spotter. Proud Comets 14U softball team mom. Not related to the successful Hamlin. #GoHawks","Grace, Kohen, Blair's dad. Mandi's husband. 88 spotter. Proud Comets 14U softball team mom. Not related to the successful Hamlin. #GoHawks",true,2009-05-18T12:37:58+00:00,37899,278,30126,7261,636,2557,North Carolina via Washington,false,,,https://pbs.twimg.com/profile_images/1318729733455085569/LdKRPvm8_normal.jpg,https://pbs.twimg.com/profile_banners/40864634/1562106798,59,52,2005,14,1245130410348216300,en,"<a href=""http://twitter.com/download/iphone"" rel=""nofollow"">Twitter for iPhone</a>",http://twitter.com/download/iphone,Twitter for iPhone,,,,,,,,,,,,,,,,,,,,,,,,,,,,,,,,,,,,,,,,,,,,,,,,,,,,,,,,,,,,,,,,,,,,,,,,,,,,,,,,,,,,,,,,,,,,,,,,,,,,,,,,,,,,,,,,,,,,,,,,,,,,,,,,,,,,,,,,,,,,,,,,,,,,,,,,,,,,,,,,,,,,,,
https://twitter.com/tucarpenter/status/1241509387296034829,2020-03-21T23:37:58+00:00,@DondePlowman I‚Äôve got to introduce you to Clicklist. It‚Äôs a game changer!,@DondePlowman I‚Äôve got to introduce you to Clicklist. It‚Äôs a game changer!,1241509387296034800,tucarpenter,Tiffany U. Carpenter,45613634,,,false,2009-06-08T17:09:40+00:00,1091,623,2130,6038,68,79,"Knoxville, TN",false,,,https://pbs.twimg.com/profile_images/1052915458322702336/cEzvN8au_normal.jpg,https://pbs.twimg.com/profile_banners/45613634/1600786721,0,0,2,0,1241481063500779500,en,"<a href=""http://twitter.com/download/iphone"" rel=""nofollow"">Twitter for iPhone</a>",http://twitter.com/download/iphone,Twitter for iPhone,,,,DondePlowman,Donde Plowman,223444411,,,,,,,,,,,,,,,,,,,,,,,,,,,,,,,,,,,,,,,,,,,,,,,,,,,,,,,,,,,,,,,,,,,,,,,,,,,,,,,,,,,,,,,,,,,,,,,,,,,,,,,,,,,,,,,,,,,,,,,,,,,,,,,,,,,,,,,,,,,,,,,,,,,,,,,,,,,,,,,,,,,,,,,,,,,,,,,,,,,,,,,,,,,,,,,,,,,,,,,,,,,,,,,,,,,,,,,,,,,,,,,,,,,,,,,,,,,,,,,,,,,,,,,,,,,,,,,,,,,,,,,,,,,,,,,,,,,,,,,,,,,,,,,,,,,,,,,,,,,
https://twitter.com/tucarpenter/status/1240687583706808320,2020-03-19T17:12:25+00:00,One of the many reasons I love working for @UT_President! https://t.co/y3xRmFFj31,One of the many reasons I love working for @UT_President! twitter.com/UT_President/s‚Ä¶,1240687583706808300,tucarpenter,Tiffany U. Carpenter,45613634,,,false,2009-06-08T17:09:40+00:00,1091,623,2130,6038,68,79,"Knoxville, TN",false,,,https://pbs.twimg.com/profile_images/1052915458322702336/cEzvN8au_normal.jpg,https://pbs.twimg.com/profile_banners/45613634/1600786721,0,0,4,0,1240687583706808300,en,"<a href=""http://twitter.com/download/iphone"" rel=""nofollow"">Twitter for iPhone</a>",http://twitter.com/download/iphone,Twitter for iPhone,,,,UT_President,UT System President Randy Boyd,1064549642661175300,,,,,,,,,,,,,,,,,,,,,,,,,,,,,,,,,,,,,,,,,,,,,,,,,,,,,,,,,,,,,,,,,,,,,,,,,,,,,,,,,,,,,,,,,,,,,,,,,,https://twitter.com/UT_President/status/1240642656818135041,https://t.co/y3xRmFFj31,,https://twitter.com/UT_President/status/1240642656818135041,2020-03-19T14:13:54+00:00,"These are the days that will define us.
Together, we will still make this the greatest decade in the history of the University of Tennessee!
#EverywhereUT https://t.co/XKGlbYirNB","These are the days that will define us.
Together, we will still make this the greatest decade in the history of the University of Tennessee!
#EverywhereUT https://t.co/XKGlbYirNB",1240642656818135000,UT_President,UT System President Randy Boyd,1064549642661175300,Randy Boyd is serving as the 26th president of the University of Tennessee System.,Randy Boyd is serving as the 26th president of the University of Tennessee System.,false,2018-11-19T16:03:08+00:00,4574,765,853,1717,26,412,,false,http://president.tennessee.edu,https://t.co/581pev7MWA,https://pbs.twimg.com/profile_images/1090808137408495616/RBYh4aqn_normal.jpg,https://pbs.twimg.com/profile_banners/1064549642661175296/1550687243,13,88,489,21,1240642656818135000,en,"<a href=""http://twitter.com/download/iphone"" rel=""nofollow"">Twitter for iPhone</a>",http://twitter.com/download/iphone,Twitter for iPhone,,,video,,,,https://pbs.twimg.com/ext_tw_video_thumb/1240642323349897217/pu/img/wqxD4Bq8Z7EXLqPU.jpg,video/mp4,https://video.twimg.com/ext_tw_video/1240642323349897217/pu/vid/640x360/QU4-3Wk19BFV2nZn.mp4?tag=10,832000,application/x-mpegURL,https://video.twimg.com/ext_tw_video/1240642323349897217/pu/pl/7PWz0yCYeWqCfJHV.m3u8?tag=10,,video/mp4,https://video.twimg.com/ext_tw_video/1240642323349897217/pu/vid/1280x720/U9QXe1VHdzl-HQlD.mp4?tag=10,2176000,video/mp4,https://video.twimg.com/ext_tw_video/1240642323349897217/pu/vid/480x270/X6C-Qye4ah3mfBxm.mp4?tag=10,256000,123.797,,,,,,,,,,,,,,,,,,,,,,,,,,,,,,,,,,,,,,,,,,,,,,,,,,,,,,,,,,,,,,,,,,,,,,,,,,,,,,,,,,,,,,,,,,,,,,,,,,,,,,,,,,,,,,,,,,,,,,,,,,,,,,,,,,,,,,,,,,,,,,,,,,
https://twitter.com/tucarpenter/status/1207437186427170817,2019-12-18T23:07:12+00:00,@KrisBudden Contemporary. You can walk from magic kingdom to the hotel without waiting for monorail,@KrisBudden Contemporary. You can walk from magic kingdom to the hotel without waiting for monorail,1207437186427170800,tucarpenter,Tiffany U. Carpenter,45613634,,,false,2009-06-08T17:09:40+00:00,1091,623,2130,6038,68,79,"Knoxville, TN",false,,,https://pbs.twimg.com/profile_images/1052915458322702336/cEzvN8au_normal.jpg,https://pbs.twimg.com/profile_banners/45613634/1600786721,1,0,0,0,1207406823323639800,en,"<a href=""http://twitter.com/download/iphone"" rel=""nofollow"">Twitter for iPhone</a>",http://twitter.com/download/iphone,Twitter for iPhone,,,,KrisBudden,Kris Budden,60925803,,,,,,,,,,,,,,,,,,,,,,,,,,,,,,,,,,,,,,,,,,,,,,,,,,,,,,,,,,,,,,,,,,,,,,,,,,,,,,,,,,,,,,,,,,,,,,,,,,,,,,,,,,,,,,,,,,,,,,,,,,,,,,,,,,,,,,,,,,,,,,,,,,,,,,,,,,,,,,,,,,,,,,,,,,,,,,,,,,,,,,,,,,,,,,,,,,,,,,,,,,,,,,,,,,,,,,,,,,,,,,,,,,,,,,,,,,,,,,,,,,,,,,,,,,,,,,,,,,,,,,,,,,,,,,,,,,,,,,,,,,,,,,,,,,,,,,,,,,,
https://twitter.com/tucarpenter/status/1204592705269047297,2019-12-11T02:44:15+00:00,@AndyVJeffers Where are you?,@AndyVJeffers Where are you?,1204592705269047300,tucarpenter,Tiffany U. Carpenter,45613634,,,false,2009-06-08T17:09:40+00:00,1091,623,2130,6038,68,79,"Knoxville, TN",false,,,https://pbs.twimg.com/profile_images/1052915458322702336/cEzvN8au_normal.jpg,https://pbs.twimg.com/profile_banners/45613634/1600786721,0,0,1,0,1204588762203709400,en,"<a href=""http://twitter.com/download/iphone"" rel=""nofollow"">Twitter for iPhone</a>",http://twitter.com/download/iphone,Twitter for iPhone,,,,AndyVJeffers,Andy Jeffers,117945807,,,,,,,,,,,,,,,,,,,,,,,,,,,,,,,,,,,,,,,,,,,,,,,,,,,,,,,,,,,,,,,,,,,,,,,,,,,,,,,,,,,,,,,,,,,,,,,,,,,,,,,,,,,,,,,,,,,,,,,,,,,,,,,,,,,,,,,,,,,,,,,,,,,,,,,,,,,,,,,,,,,,,,,,,,,,,,,,,,,,,,,,,,,,,,,,,,,,,,,,,,,,,,,,,,,,,,,,,,,,,,,,,,,,,,,,,,,,,,,,,,,,,,,,,,,,,,,,,,,,,,,,,,,,,,,,,,,,,,,,,,,,,,,,,,,,,,,,,,,
https://twitter.com/tucarpenter/status/1204592422979883009,2019-12-11T02:43:08+00:00,@ErikAinge3 That‚Äôs awesome!,@ErikAinge3 That‚Äôs awesome!,1204592422979883000,tucarpenter,Tiffany U. Carpenter,45613634,,,false,2009-06-08T17:09:40+00:00,1091,623,2130,6038,68,79,"Knoxville, TN",false,,,https://pbs.twimg.com/profile_images/1052915458322702336/cEzvN8au_normal.jpg,https://pbs.twimg.com/profile_banners/45613634/1600786721,0,0,1,0,1204379638593667000,en,"<a href=""http://twitter.com/download/iphone"" rel=""nofollow"">Twitter for iPhone</a>",http://twitter.com/download/iphone,Twitter for iPhone,,,,ErikAinge3,Erik Ainge,143514419,,,,,,,,,,,,,,,,,,,,,,,,,,,,,,,,,,,,,,,,,,,,,,,,,,,,,,,,,,,,,,,,,,,,,,,,,,,,,,,,,,,,,,,,,,,,,,,,,,,,,,,,,,,,,,,,,,,,,,,,,,,,,,,,,,,,,,,,,,,,,,,,,,,,,,,,,,,,,,,,,,,,,,,,,,,,,,,,,,,,,,,,,,,,,,,,,,,,,,,,,,,,,,,,,,,,,,,,,,,,,,,,,,,,,,,,,,,,,,,,,,,,,,,,,,,,,,,,,,,,,,,,,,,,,,,,,,,,,,,,,,,,,,,,,,,,,,,,,,,
https://twitter.com/tucarpenter/status/1203482258927169537,2019-12-08T01:11:44+00:00,I could watch this all nightü§£ https://t.co/xlmwH3ip7z,I could watch this all nightü§£ twitter.com/RexChapman/sta‚Ä¶,1203482258927169500,tucarpenter,Tiffany U. Carpenter,45613634,,,false,2009-06-08T17:09:40+00:00,1091,623,2130,6038,68,79,"Knoxville, TN",false,,,https://pbs.twimg.com/profile_images/1052915458322702336/cEzvN8au_normal.jpg,https://pbs.twimg.com/profile_banners/45613634/1600786721,1,0,3,0,1203482258927169500,en,"<a href=""http://twitter.com/download/iphone"" rel=""nofollow"">Twitter for iPhone</a>",http://twitter.com/download/iphone,Twitter for iPhone,,,,,,,,,,,,,,,,,,,,,,,,,,,,,,,,,,,,,,,,,,,,,,,,,,,,,,,,,,,,,,,,,,,,,,,,,,,,,,,,,,,,,,,,,,,,,,,,,,,,,,,,https://twitter.com/RexChapman/status/1203375514079109125,https://t.co/xlmwH3ip7z,,https://twitter.com/RexChapman/status/1203375514079109125,2019-12-07T18:07:34+00:00,When that beat drops you gotta get it...üí™üòçüòèüî•üî• https://t.co/vTKrapKT76,When that beat drops you gotta get it...üí™üòçüòèüî•üî• twitter.com/BlackMediaCrew‚Ä¶,1203375514079109000,RexChapman,Rex Chapmanüèáüèº,324703658,I hold the microphone like a grudge,I hold the microphone like a grudge,true,2011-06-27T02:36:27+00:00,996086,18113,111662,186388,3093,8391,Lexington/Phoenix ,false,http://adultswim.com/streams,https://t.co/WW075Yadro,https://pbs.twimg.com/profile_images/1055264484745494530/QLX6B5o9_normal.jpg,https://pbs.twimg.com/profile_banners/324703658/1539742514,250,4377,20826,799,1203375514079109000,en,"<a href=""http://twitter.com/download/iphone"" rel=""nofollow"">Twitter for iPhone</a>",http://twitter.com/download/iphone,Twitter for iPhone,,,,,,,,,,,,,,,,,,,,,,,,,,,,,,,,,,,,,,,,,,,,,,,,,,,,,,,,,,,,,,,,,,,,,,,,,,,,,,,,,,,,,,,,,,,,,,,,,,,,,,,,,,,,,,,,,,,,,,,,,,,,,https://twitter.com/BlackMediaCrew/status/1203351727547834372/video/1,https://t.co/vTKrapKT76,,,,,,,,,,,,,,,,,,,,,,,,,,,,,,,,,,,,,,,,
https://twitter.com/tucarpenter/status/1199875819872694277,2019-11-28T02:21:02+00:00,@taxslayerbowl TENNESSEE vs anyone!,@taxslayerbowl TENNESSEE vs anyone!,1199875819872694300,tucarpenter,Tiffany U. Carpenter,45613634,,,false,2009-06-08T17:09:40+00:00,1091,623,2130,6038,68,79,"Knoxville, TN",false,,,https://pbs.twimg.com/profile_images/1052915458322702336/cEzvN8au_normal.jpg,https://pbs.twimg.com/profile_banners/45613634/1600786721,0,0,2,0,1199713285416861700,en,"<a href=""http://twitter.com/download/iphone"" rel=""nofollow"">Twitter for iPhone</a>",http://twitter.com/download/iphone,Twitter for iPhone,,,,taxslayerbowl,TaxSlayer Gator Bowl,50307161,,,,,,,,,,,,,,,,,,,,,,,,,,,,,,,,,,,,,,,,,,,,,,,,,,,,,,,,,,,,,,,,,,,,,,,,,,,,,,,,,,,,,,,,,,,,,,,,,,,,,,,,,,,,,,,,,,,,,,,,,,,,,,,,,,,,,,,,,,,,,,,,,,,,,,,,,,,,,,,,,,,,,,,,,,,,,,,,,,,,,,,,,,,,,,,,,,,,,,,,,,,,,,,,,,,,,,,,,,,,,,,,,,,,,,,,,,,,,,,,,,,,,,,,,,,,,,,,,,,,,,,,,,,,,,,,,,,,,,,,,,,,,,,,,,,,,,,,,,,
https://twitter.com/tucarpenter/status/1195897662672900098,2019-11-17T02:53:16+00:00,You‚Äôre welcomeüòâ https://t.co/jtIjeyeFkv,You‚Äôre welcomeüòâ twitter.com/KC4UTM/status/‚Ä¶,1195897662672900000,tucarpenter,Tiffany U. Carpenter,45613634,,,false,2009-06-08T17:09:40+00:00,1091,623,2130,6038,68,79,"Knoxville, TN",false,,,https://pbs.twimg.com/profile_images/1052915458322702336/cEzvN8au_normal.jpg,https://pbs.twimg.com/profile_banners/45613634/1600786721,1,0,5,0,1195897662672900000,en,"<a href=""http://twitter.com/download/iphone"" rel=""nofollow"">Twitter for iPhone</a>",http://twitter.com/download/iphone,Twitter for iPhone,,,,,,,,,,,,,,,,,,,,,,,,,,,,,,,,,,,,,,,,,,,,,,,,,,,,,,,,,,,,,,,,,,,,,,,,,,,,,,,,,,,,,,,,,,,,,,,,,,,,,,,,https://twitter.com/KC4UTM/status/1195376514465972230,https://t.co/jtIjeyeFkv,,https://twitter.com/KC4UTM/status/1195376514465972230,2019-11-15T16:22:24+00:00,Good friends bring your a abandoned car back from East Tennessee. Great friends deliver said car w/ new music. Thx @tucarpenter #NotoriousBIG #Hypnotize #OldSchool https://t.co/yOHwvcicjV,Good friends bring your a abandoned car back from East Tennessee. Great friends deliver said car w/ new music. Thx @tucarpenter #NotoriousBIG #Hypnotize #OldSchool https://t.co/yOHwvcicjV,1195376514465972200,KC4UTM,keith carver,461936699,Husband. Dad to three. @utmartin chancellor. Student advocate. West Tennessean. Do small things w/ big love. Tweets are my own. Instagram & Snapchat: @KC4UTM,Husband. Dad to three. @utmartin chancellor. Student advocate. West Tennessean. Do small things w/ big love. Tweets are my own. Instagram & Snapchat: @KC4UTM,false,2012-01-12T11:11:18+00:00,6544,2016,13589,44558,41,4121,"Martin, TN",false,http://www.utm.edu,https://t.co/BAVK9PoZLY,https://pbs.twimg.com/profile_images/1267211745409609728/cQnyqas8_normal.jpg,https://pbs.twimg.com/profile_banners/461936699/1597749426,0,0,16,2,1195376514465972200,en,"<a href=""http://twitter.com/download/iphone"" rel=""nofollow"">Twitter for iPhone</a>",http://twitter.com/download/iphone,Twitter for iPhone,https://pbs.twimg.com/media/EJbUmBTWsAAtjMx?format=jpg&name=small,https://pbs.twimg.com/media/EJbUmBTWsAAtjMx?format=jpg&name=large,photo,,,,,,,,,,,,,,,,,,tucarpenter,Tiffany U. Carpenter,45613634,,,,,,,,,,,,,,,,,,,,,,,,,,,,,,,,,,,,,,,,,,,,,,,,,,,,,,,,,,,,,,,,,,,,,,,,,,,,,,,,,,,,,,,,,,,,,,,,,,,,,,,,,,,,,,,,,,,,,,,,,,,,,,,,,,,,,,,,,,,,,,,
https://twitter.com/tucarpenter/status/1186280090180706309,2019-10-21T13:56:28+00:00,Loved starting my morning on #UTPromise tour at my alma mater. @BTCS_THS https://t.co/YKX80HtmYY,Loved starting my morning on #UTPromise tour at my alma mater. @BTCS_THS twitter.com/UT_President/s‚Ä¶,1186280090180706300,tucarpenter,Tiffany U. Carpenter,45613634,,,false,2009-06-08T17:09:40+00:00,1091,623,2130,6038,68,79,"Knoxville, TN",false,,,https://pbs.twimg.com/profile_images/1052915458322702336/cEzvN8au_normal.jpg,https://pbs.twimg.com/profile_banners/45613634/1600786721,0,2,14,0,1186280090180706300,en,"<a href=""http://twitter.com/download/iphone"" rel=""nofollow"">Twitter for iPhone</a>",http://twitter.com/download/iphone,Twitter for iPhone,,,,BTCS_THS,Tennessee High,722865967454289900,,,,,,,,,,,,,,,,,,,,,,,,,,,,,,,,,,,,,,,,,,,,,,,,,,,,,,,,,,,,,,,,,,,,,,,,,,,,,,,,,,,,,,,,,,,,,,,,,,https://twitter.com/UT_President/status/1186264858884476928,https://t.co/YKX80HtmYY,,https://twitter.com/UT_President/status/1186264858884476928,2019-10-21T12:55:56+00:00,"Amazing start to the #UTPromise Tour Round 2 this morning @BTCS_THS in Bristol! Lots of students all excited about the opportunity to attend the University of Tennessee! Thanks to @UTKnoxville junior @kloeeking for joining and to @johncrawford1 for your support.
#EverywhereUT https://t.co/eXHjtNXqZr","Amazing start to the #UTPromise Tour Round 2 this morning @BTCS_THS in Bristol! Lots of students all excited about the opportunity to attend the University of Tennessee! Thanks to @UTKnoxville junior @kloeeking for joining and to @johncrawford1 for your support.
#EverywhereUT https://t.co/eXHjtNXqZr",1186264858884477000,UT_President,UT System President Randy Boyd,1064549642661175300,Randy Boyd is serving as the 26th president of the University of Tennessee System.,Randy Boyd is serving as the 26th president of the University of Tennessee System.,false,2018-11-19T16:03:08+00:00,4574,765,853,1717,26,412,,false,http://president.tennessee.edu,https://t.co/581pev7MWA,https://pbs.twimg.com/profile_images/1090808137408495616/RBYh4aqn_normal.jpg,https://pbs.twimg.com/profile_banners/1064549642661175296/1550687243,0,8,55,1,1186264858884477000,en,"<a href=""http://twitter.com/download/iphone"" rel=""nofollow"">Twitter for iPhone</a>",http://twitter.com/download/iphone,Twitter for iPhone,https://pbs.twimg.com/media/EHZ1mW2XkAUAV5X?format=jpg&name=small,https://pbs.twimg.com/media/EHZ1mW2XkAUAV5X?format=jpg&name=large,photo,,,,,,,,,,,,,,,,,,BTCS_THS,Tennessee High,722865967454289900,,,,,,,,,,,,,,,,,,UTKnoxville,UT Knoxville,19773627,,,,,,,,,,,,,,,,,,,,,,,,,,,,,,,,,,,,,,,,,,,,,,,,,,,,,,,,,,,,,,,,,,,,,,,,,,,,,,,,,,,,kloeeking,Kloee King,778677030502006800,,,,,,,,,,,,,,,,,,johncrawford1,John Crawford,247814452,,,,,,,,,,,,,,,,,
https://twitter.com/tucarpenter/status/1185228840777465864,2019-10-18T16:19:10+00:00,"We had so much fun, we are doing the #UTPromise tour again! Five high schools in one day. Can‚Äôt wait to kick it off at my alma mater @BTCS_THS Monday am! https://t.co/FlvnQeckbJ","We had so much fun, we are doing the #UTPromise tour again! Five high schools in one day. Can‚Äôt wait to kick it off at my alma mater @BTCS_THS Monday am! twitter.com/UT_President/s‚Ä¶",1185228840777465900,tucarpenter,Tiffany U. Carpenter,45613634,,,false,2009-06-08T17:09:40+00:00,1091,623,2130,6038,68,79,"Knoxville, TN",false,,,https://pbs.twimg.com/profile_images/1052915458322702336/cEzvN8au_normal.jpg,https://pbs.twimg.com/profile_banners/45613634/1600786721,0,1,13,0,1185228840777465900,en,"<a href=""http://twitter.com/download/iphone"" rel=""nofollow"">Twitter for iPhone</a>",http://twitter.com/download/iphone,Twitter for iPhone,,,,BTCS_THS,Tennessee High,722865967454289900,,,,,,,,,,,,,,,,,,,,,,,,,,,,,,,,,,,,,,,,,,,,,,,,,,,,,,,,,,,,,,,,,,,,,,,,,,,,,,,,,,,,,,,,,,,,,,,,,,https://twitter.com/UT_President/status/1185226309263343618,https://t.co/FlvnQeckbJ,,https://twitter.com/UT_President/status/1185226309263343618,2019-10-18T16:09:07+00:00,"We‚Äôve had more than 1,100 applicants for #UTPromise already, and we‚Äôre not finished yet! Excited to continue the tour this coming Monday as we visit schools all over northeast Tennessee. Students, we can‚Äôt wait to see you!
#EverywhereUT 
https://t.co/QWKPv6uisd","We‚Äôve had more than 1,100 applicants for #UTPromise already, and we‚Äôre not finished yet! Excited to continue the tour this coming Monday as we visit schools all over northeast Tennessee. Students, we can‚Äôt wait to see you!
#EverywhereUT 
bit.ly/2JhEvbF",1185226309263343600,UT_President,UT System President Randy Boyd,1064549642661175300,Randy Boyd is serving as the 26th president of the University of Tennessee System.,Randy Boyd is serving as the 26th president of the University of Tennessee System.,false,2018-11-19T16:03:08+00:00,4574,765,853,1717,26,412,,false,http://president.tennessee.edu,https://t.co/581pev7MWA,https://pbs.twimg.com/profile_images/1090808137408495616/RBYh4aqn_normal.jpg,https://pbs.twimg.com/profile_banners/1064549642661175296/1550687243,0,3,46,2,1185226309263343600,en,"<a href=""http://twitter.com/download/iphone"" rel=""nofollow"">Twitter for iPhone</a>",http://twitter.com/download/iphone,Twitter for iPhone,,,,,,,,,,,,,,,,,,,,,,,,,,,,,,,,,,,,,,,,,,,,,,,,,,,,,,,,,,,,,,,,,,,,,,,,,,,,,,,,,,,,,,,,,,,,,,,,,,,,,,,,,,,,,,,,,,,,,,,,,,,,,https://bit.ly/2JhEvbF,https://t.co/QWKPv6uisd,,,,,,,,,,,,,,,,,,,,,,,,,,,,,,,,,,,,,,,,
https://twitter.com/tucarpenter/status/1171519014889082882,2019-09-10T20:21:13+00:00,@DondePlowman Barbara is the best!,@DondePlowman Barbara is the best!,1171519014889083000,tucarpenter,Tiffany U. Carpenter,45613634,,,false,2009-06-08T17:09:40+00:00,1091,623,2130,6038,68,79,"Knoxville, TN",false,,,https://pbs.twimg.com/profile_images/1052915458322702336/cEzvN8au_normal.jpg,https://pbs.twimg.com/profile_banners/45613634/1600786721,0,0,0,0,1171504211340578800,en,"<a href=""http://twitter.com/download/iphone"" rel=""nofollow"">Twitter for iPhone</a>",http://twitter.com/download/iphone,Twitter for iPhone,,,,DondePlowman,Donde Plowman,223444411,,,,,,,,,,,,,,,,,,,,,,,,,,,,,,,,,,,,,,,,,,,,,,,,,,,,,,,,,,,,,,,,,,,,,,,,,,,,,,,,,,,,,,,,,,,,,,,,,,,,,,,,,,,,,,,,,,,,,,,,,,,,,,,,,,,,,,,,,,,,,,,,,,,,,,,,,,,,,,,,,,,,,,,,,,,,,,,,,,,,,,,,,,,,,,,,,,,,,,,,,,,,,,,,,,,,,,,,,,,,,,,,,,,,,,,,,,,,,,,,,,,,,,,,,,,,,,,,,,,,,,,,,,,,,,,,,,,,,,,,,,,,,,,,,,,,,,,,,,,
https://twitter.com/tucarpenter/status/1169689876561723393,2019-09-05T19:12:53+00:00,We need more of these! #EverywhereUT https://t.co/YQIzRYpEZp,We need more of these! #EverywhereUT twitter.com/KC4UTM/status/‚Ä¶,1169689876561723400,tucarpenter,Tiffany U. Carpenter,45613634,,,false,2009-06-08T17:09:40+00:00,1091,623,2130,6038,68,79,"Knoxville, TN",false,,,https://pbs.twimg.com/profile_images/1052915458322702336/cEzvN8au_normal.jpg,https://pbs.twimg.com/profile_banners/45613634/1600786721,0,0,9,0,1169689876561723400,en,"<a href=""http://twitter.com/download/iphone"" rel=""nofollow"">Twitter for iPhone</a>",http://twitter.com/download/iphone,Twitter for iPhone,,,,,,,,,,,,,,,,,,,,,,,,,,,,,,,,,,,,,,,,,,,,,,,,,,,,,,,,,,,,,,,,,,,,,,,,,,,,,,,,,,,,,,,,,,,,,,,,,,,,,,,,https://twitter.com/KC4UTM/status/1169685668609630210,https://t.co/YQIzRYpEZp,,https://twitter.com/KC4UTM/status/1169685668609630210,2019-09-05T18:56:09+00:00,This. #NeverGetsOld #EverywhereUT https://t.co/e5oF9ZrkTL,This. #NeverGetsOld #EverywhereUT https://t.co/e5oF9ZrkTL,1169685668609630200,KC4UTM,keith carver,461936699,Husband. Dad to three. @utmartin chancellor. Student advocate. West Tennessean. Do small things w/ big love. Tweets are my own. Instagram & Snapchat: @KC4UTM,Husband. Dad to three. @utmartin chancellor. Student advocate. West Tennessean. Do small things w/ big love. Tweets are my own. Instagram & Snapchat: @KC4UTM,false,2012-01-12T11:11:18+00:00,6544,2016,13589,44558,41,4121,"Martin, TN",false,http://www.utm.edu,https://t.co/BAVK9PoZLY,https://pbs.twimg.com/profile_images/1267211745409609728/cQnyqas8_normal.jpg,https://pbs.twimg.com/profile_banners/461936699/1597749426,1,11,117,3,1169685668609630200,en,"<a href=""http://twitter.com/download/iphone"" rel=""nofollow"">Twitter for iPhone</a>",http://twitter.com/download/iphone,Twitter for iPhone,https://pbs.twimg.com/media/EDuO6d2XkAEaU6I?format=jpg&name=small,https://pbs.twimg.com/media/EDuO6d2XkAEaU6I?format=jpg&name=large,photo,,,,,,,,,,,,,,,,,,,,,,,,,,,,,,,,,,,,,,,,,,,,,,,,,,,,,,,,,,,,,,,,,,,,,,,,,,,,,,,,,,,,,,,,,,,,,,,,,,,,,,,,,,,,,,,,,,,,,,,,,,,,,,,,,,,,,,,,,,,,,,,,,,,,,,,,,,,,,,,,,,,
