url,date,content,renderedContent,id,user/username,user/displayname,user/id,user/description,user/rawDescription,user/verified,user/created,user/followersCount,user/friendsCount,user/statusesCount,user/favouritesCount,user/listedCount,user/mediaCount,user/location,user/protected,user/linkUrl,user/linkTcourl,user/profileImageUrl,user/profileBannerUrl,outlinks/0,tcooutlinks/0,replyCount,retweetCount,likeCount,quoteCount,conversationId,lang,source,sourceUrl,sourceLabel,media/0/previewUrl,media/0/fullUrl,media/0/type,retweetedTweet,quotedTweet,mentionedUsers/0,media/0,media/0/thumbnailUrl,media/0/variants/0/contentType,media/0/variants/0/url,media/0/variants/0/bitrate,media/0/variants/1/contentType,media/0/variants/1/url,media/0/variants/1/bitrate,media/0/variants/2/contentType,media/0/variants/2/url,media/0/variants/2/bitrate,media/0/variants/3/contentType,media/0/variants/3/url,media/0/variants/3/bitrate,media/0/duration,media/1/previewUrl,media/1/fullUrl,media/1/type,media/2/previewUrl,media/2/fullUrl,media/2/type,quotedTweet/url,quotedTweet/date,quotedTweet/content,quotedTweet/renderedContent,quotedTweet/id,quotedTweet/user/username,quotedTweet/user/displayname,quotedTweet/user/id,quotedTweet/user/description,quotedTweet/user/rawDescription,quotedTweet/user/verified,quotedTweet/user/created,quotedTweet/user/followersCount,quotedTweet/user/friendsCount,quotedTweet/user/statusesCount,quotedTweet/user/favouritesCount,quotedTweet/user/listedCount,quotedTweet/user/mediaCount,quotedTweet/user/location,quotedTweet/user/protected,quotedTweet/user/linkUrl,quotedTweet/user/linkTcourl,quotedTweet/user/profileImageUrl,quotedTweet/user/profileBannerUrl,quotedTweet/replyCount,quotedTweet/retweetCount,quotedTweet/likeCount,quotedTweet/quoteCount,quotedTweet/conversationId,quotedTweet/lang,quotedTweet/source,quotedTweet/sourceUrl,quotedTweet/sourceLabel,quotedTweet/media/0/previewUrl,quotedTweet/media/0/fullUrl,quotedTweet/media/0/type,quotedTweet/retweetedTweet,quotedTweet/quotedTweet,quotedTweet/mentionedUsers/0,quotedTweet/outlinks/0,quotedTweet/tcooutlinks/0,quotedTweet/media/0,quotedTweet/mentionedUsers/0/username,quotedTweet/mentionedUsers/0/displayname,quotedTweet/mentionedUsers/0/id,quotedTweet/mentionedUsers/0/description,quotedTweet/mentionedUsers/0/rawDescription,quotedTweet/mentionedUsers/0/descriptionUrls/0,quotedTweet/mentionedUsers/0/verified,quotedTweet/mentionedUsers/0/created,quotedTweet/mentionedUsers/0/followersCount,quotedTweet/mentionedUsers/0/friendsCount,quotedTweet/mentionedUsers/0/statusesCount,quotedTweet/mentionedUsers/0/favouritesCount,quotedTweet/mentionedUsers/0/listedCount,quotedTweet/mentionedUsers/0/mediaCount,quotedTweet/mentionedUsers/0/location,quotedTweet/mentionedUsers/0/protected,quotedTweet/mentionedUsers/0/linkUrl,quotedTweet/mentionedUsers/0/linkTcourl,quotedTweet/mentionedUsers/0/profileImageUrl,quotedTweet/mentionedUsers/0/profileBannerUrl,mentionedUsers/0/username,mentionedUsers/0/displayname,mentionedUsers/0/id,mentionedUsers/0/description,mentionedUsers/0/rawDescription,mentionedUsers/0/descriptionUrls/0,mentionedUsers/0/verified,mentionedUsers/0/created,mentionedUsers/0/followersCount,mentionedUsers/0/friendsCount,mentionedUsers/0/statusesCount,mentionedUsers/0/favouritesCount,mentionedUsers/0/listedCount,mentionedUsers/0/mediaCount,mentionedUsers/0/location,mentionedUsers/0/protected,mentionedUsers/0/linkUrl,mentionedUsers/0/linkTcourl,mentionedUsers/0/profileImageUrl,mentionedUsers/0/profileBannerUrl,mentionedUsers/1/username,mentionedUsers/1/displayname,mentionedUsers/1/id,mentionedUsers/1/description,mentionedUsers/1/rawDescription,mentionedUsers/1/descriptionUrls/0,mentionedUsers/1/verified,mentionedUsers/1/created,mentionedUsers/1/followersCount,mentionedUsers/1/friendsCount,mentionedUsers/1/statusesCount,mentionedUsers/1/favouritesCount,mentionedUsers/1/listedCount,mentionedUsers/1/mediaCount,mentionedUsers/1/location,mentionedUsers/1/protected,mentionedUsers/1/linkUrl,mentionedUsers/1/linkTcourl,mentionedUsers/1/profileImageUrl,mentionedUsers/1/profileBannerUrl,mentionedUsers/2/username,mentionedUsers/2/displayname,mentionedUsers/2/id,mentionedUsers/2/description,mentionedUsers/2/rawDescription,mentionedUsers/2/descriptionUrls/0,mentionedUsers/2/verified,mentionedUsers/2/created,mentionedUsers/2/followersCount,mentionedUsers/2/friendsCount,mentionedUsers/2/statusesCount,mentionedUsers/2/favouritesCount,mentionedUsers/2/listedCount,mentionedUsers/2/mediaCount,mentionedUsers/2/location,mentionedUsers/2/protected,mentionedUsers/2/linkUrl,mentionedUsers/2/linkTcourl,mentionedUsers/2/profileImageUrl,mentionedUsers/2/profileBannerUrl,mentionedUsers/3/username,mentionedUsers/3/displayname,mentionedUsers/3/id,mentionedUsers/3/description,mentionedUsers/3/rawDescription,mentionedUsers/3/descriptionUrls/0,mentionedUsers/3/verified,mentionedUsers/3/created,mentionedUsers/3/followersCount,mentionedUsers/3/friendsCount,mentionedUsers/3/statusesCount,mentionedUsers/3/favouritesCount,mentionedUsers/3/listedCount,mentionedUsers/3/mediaCount,mentionedUsers/3/location,mentionedUsers/3/protected,mentionedUsers/3/linkUrl,mentionedUsers/3/linkTcourl,mentionedUsers/3/profileImageUrl,mentionedUsers/3/profileBannerUrl,mentionedUsers/4/username,mentionedUsers/4/displayname,mentionedUsers/4/id,mentionedUsers/4/description,mentionedUsers/4/rawDescription,mentionedUsers/4/descriptionUrls/0,mentionedUsers/4/verified,mentionedUsers/4/created,mentionedUsers/4/followersCount,mentionedUsers/4/friendsCount,mentionedUsers/4/statusesCount,mentionedUsers/4/favouritesCount,mentionedUsers/4/listedCount,mentionedUsers/4/mediaCount,mentionedUsers/4/location,mentionedUsers/4/protected,mentionedUsers/4/linkUrl,mentionedUsers/4/linkTcourl,mentionedUsers/4/profileImageUrl,mentionedUsers/4/profileBannerUrl,quotedTweet/quotedTweet/url,quotedTweet/quotedTweet/date,quotedTweet/quotedTweet/content,quotedTweet/quotedTweet/renderedContent,quotedTweet/quotedTweet/id,quotedTweet/quotedTweet/user/username,quotedTweet/quotedTweet/user/displayname,quotedTweet/quotedTweet/user/id,quotedTweet/quotedTweet/user/description,quotedTweet/quotedTweet/user/rawDescription,quotedTweet/quotedTweet/user/verified,quotedTweet/quotedTweet/user/created,quotedTweet/quotedTweet/user/followersCount,quotedTweet/quotedTweet/user/friendsCount,quotedTweet/quotedTweet/user/statusesCount,quotedTweet/quotedTweet/user/favouritesCount,quotedTweet/quotedTweet/user/listedCount,quotedTweet/quotedTweet/user/mediaCount,quotedTweet/quotedTweet/user/location,quotedTweet/quotedTweet/user/protected,quotedTweet/quotedTweet/user/linkUrl,quotedTweet/quotedTweet/user/linkTcourl,quotedTweet/quotedTweet/user/profileImageUrl,quotedTweet/quotedTweet/user/profileBannerUrl,quotedTweet/quotedTweet/replyCount,quotedTweet/quotedTweet/retweetCount,quotedTweet/quotedTweet/likeCount,quotedTweet/quotedTweet/quoteCount,quotedTweet/quotedTweet/conversationId,quotedTweet/quotedTweet/lang,quotedTweet/quotedTweet/source,quotedTweet/quotedTweet/sourceUrl,quotedTweet/quotedTweet/sourceLabel,quotedTweet/quotedTweet/media/0,quotedTweet/quotedTweet/retweetedTweet,quotedTweet/quotedTweet/quotedTweet,quotedTweet/quotedTweet/mentionedUsers/0,quotedTweet/mentionedUsers/1/username,quotedTweet/mentionedUsers/1/displayname,quotedTweet/mentionedUsers/1/id,quotedTweet/mentionedUsers/1/description,quotedTweet/mentionedUsers/1/rawDescription,quotedTweet/mentionedUsers/1/descriptionUrls/0,quotedTweet/mentionedUsers/1/verified,quotedTweet/mentionedUsers/1/created,quotedTweet/mentionedUsers/1/followersCount,quotedTweet/mentionedUsers/1/friendsCount,quotedTweet/mentionedUsers/1/statusesCount,quotedTweet/mentionedUsers/1/favouritesCount,quotedTweet/mentionedUsers/1/listedCount,quotedTweet/mentionedUsers/1/mediaCount,quotedTweet/mentionedUsers/1/location,quotedTweet/mentionedUsers/1/protected,quotedTweet/mentionedUsers/1/linkUrl,quotedTweet/mentionedUsers/1/linkTcourl,quotedTweet/mentionedUsers/1/profileImageUrl,quotedTweet/mentionedUsers/1/profileBannerUrl,quotedTweet/media/0/thumbnailUrl,quotedTweet/media/0/variants/0/contentType,quotedTweet/media/0/variants/0/url,quotedTweet/media/0/variants/0/bitrate,quotedTweet/media/0/variants/1/contentType,quotedTweet/media/0/variants/1/url,quotedTweet/media/0/variants/1/bitrate,quotedTweet/media/0/variants/2/contentType,quotedTweet/media/0/variants/2/url,quotedTweet/media/0/variants/2/bitrate,quotedTweet/media/0/variants/3/contentType,quotedTweet/media/0/variants/3/url,quotedTweet/media/0/variants/3/bitrate,quotedTweet/media/0/duration
https://twitter.com/utk_asc/status/1285604942653390848,2020-07-21T15:57:58+00:00,"Looking for a job on campus? We‚Äôre hiring!! 

We are looking for folks interested in the following:
SI: ACCT 200; BIOL 101, 150, and 160; ECON 201; PHYS 221; STAT 201
Tutoring: GEOL, COSC, EF, PHYS. 

Apply online at https://t.co/TbMCopLNkn https://t.co/AWDSvlPIkl","Looking for a job on campus? We‚Äôre hiring!! 

We are looking for folks interested in the following:
SI: ACCT 200; BIOL 101, 150, and 160; ECON 201; PHYS 221; STAT 201
Tutoring: GEOL, COSC, EF, PHYS. 

Apply online at studentsuccess.utk.edu/about/work-at-‚Ä¶ https://t.co/AWDSvlPIkl",1285604942653390800,utk_asc,UTK Academic Success Center,148477864,The Academic Success Center supports all undergrads at UTK in their pursuit for academic success. #SuccessVOL,The Academic Success Center supports all undergrads at UTK in their pursuit for academic success. #SuccessVOL,false,2010-05-26T20:16:44+00:00,2190,450,1470,760,25,289,"Knoxville, Tennessee",false,https://studentsuccess.utk.edu/academic-success-center/,https://t.co/Cgvm6MfCJA,https://pbs.twimg.com/profile_images/1271105294798553088/OcdyrOBL_normal.jpg,https://pbs.twimg.com/profile_banners/148477864/1600799563,https://studentsuccess.utk.edu/about/work-at-asc/,https://t.co/TbMCopLNkn,0,0,0,0,1285604942653390800,en,"<a href=""http://twitter.com/download/iphone"" rel=""nofollow"">Twitter for iPhone</a>",http://twitter.com/download/iphone,Twitter for iPhone,https://pbs.twimg.com/media/Eddi4LVWsAUHTht?format=jpg&name=small,https://pbs.twimg.com/media/Eddi4LVWsAUHTht?format=jpg&name=large,photo,,,,,,,,,,,,,,,,,,,,,,,,,,,,,,,,,,,,,,,,,,,,,,,,,,,,,,,,,,,,,,,,,,,,,,,,,,,,,,,,,,,,,,,,,,,,,,,,,,,,,,,,,,,,,,,,,,,,,,,,,,,,,,,,,,,,,,,,,,,,,,,,,,,,,,,,,,,,,,,,,,,,,,,,,,,,,,,,,,,,,,,,,,,,,,,,,,,,,,,,,,,,,,,,,,,,,,,,,,,,,,,,,,,,,,,,,,,,,,,,,,,,,,,,,,,,,,,,,
https://twitter.com/utk_asc/status/1283110828384948226,2020-07-14T18:47:15+00:00,https://t.co/37zGqUq0qe,youtu.be/0KTH92eC3Ik,1283110828384948200,utk_asc,UTK Academic Success Center,148477864,The Academic Success Center supports all undergrads at UTK in their pursuit for academic success. #SuccessVOL,The Academic Success Center supports all undergrads at UTK in their pursuit for academic success. #SuccessVOL,false,2010-05-26T20:16:44+00:00,2190,450,1470,760,25,289,"Knoxville, Tennessee",false,https://studentsuccess.utk.edu/academic-success-center/,https://t.co/Cgvm6MfCJA,https://pbs.twimg.com/profile_images/1271105294798553088/OcdyrOBL_normal.jpg,https://pbs.twimg.com/profile_banners/148477864/1600799563,https://youtu.be/0KTH92eC3Ik,https://t.co/37zGqUq0qe,0,0,0,0,1283110828384948200,und,"<a href=""http://twitter.com/download/iphone"" rel=""nofollow"">Twitter for iPhone</a>",http://twitter.com/download/iphone,Twitter for iPhone,,,,,,,,,,,,,,,,,,,,,,,,,,,,,,,,,,,,,,,,,,,,,,,,,,,,,,,,,,,,,,,,,,,,,,,,,,,,,,,,,,,,,,,,,,,,,,,,,,,,,,,,,,,,,,,,,,,,,,,,,,,,,,,,,,,,,,,,,,,,,,,,,,,,,,,,,,,,,,,,,,,,,,,,,,,,,,,,,,,,,,,,,,,,,,,,,,,,,,,,,,,,,,,,,,,,,,,,,,,,,,,,,,,,,,,,,,,,,,,,,,,,,,,,,,,,,,,,,,,,
https://twitter.com/utk_asc/status/1280214648327979015,2020-07-06T18:58:52+00:00,"You may have noticed, we have a new name!

Though our name has changed, we are excited to still offer academic support to all UT undergraduate students through SI, tutoring, academic coaching, &amp; so much more! We look forward to continuing to serve UT students under our new title! https://t.co/pFRAp0Slce","You may have noticed, we have a new name!

Though our name has changed, we are excited to still offer academic support to all UT undergraduate students through SI, tutoring, academic coaching, &amp; so much more! We look forward to continuing to serve UT students under our new title! https://t.co/pFRAp0Slce",1280214648327979000,utk_asc,UTK Academic Success Center,148477864,The Academic Success Center supports all undergrads at UTK in their pursuit for academic success. #SuccessVOL,The Academic Success Center supports all undergrads at UTK in their pursuit for academic success. #SuccessVOL,false,2010-05-26T20:16:44+00:00,2190,450,1470,760,25,289,"Knoxville, Tennessee",false,https://studentsuccess.utk.edu/academic-success-center/,https://t.co/Cgvm6MfCJA,https://pbs.twimg.com/profile_images/1271105294798553088/OcdyrOBL_normal.jpg,https://pbs.twimg.com/profile_banners/148477864/1600799563,,,0,6,13,1,1280214648327979000,en,"<a href=""http://twitter.com/download/iphone"" rel=""nofollow"">Twitter for iPhone</a>",http://twitter.com/download/iphone,Twitter for iPhone,,,video,,,,,https://pbs.twimg.com/ext_tw_video_thumb/1280214632037257221/pu/img/pHq61TLamsIB33cz.jpg,application/x-mpegURL,https://video.twimg.com/ext_tw_video/1280214632037257221/pu/pl/oy9XlOmnwiP9oCV2.m3u8?tag=10,,video/mp4,https://video.twimg.com/ext_tw_video/1280214632037257221/pu/vid/320x320/b_m6-sP6Zr0VMkmc.mp4?tag=10,432000,video/mp4,https://video.twimg.com/ext_tw_video/1280214632037257221/pu/vid/720x720/6JjyVbpKyjRbrdYH.mp4?tag=10,1280000,video/mp4,https://video.twimg.com/ext_tw_video/1280214632037257221/pu/vid/480x480/FkDMjFMal7lqzLHx.mp4?tag=10,832000,6.367,,,,,,,,,,,,,,,,,,,,,,,,,,,,,,,,,,,,,,,,,,,,,,,,,,,,,,,,,,,,,,,,,,,,,,,,,,,,,,,,,,,,,,,,,,,,,,,,,,,,,,,,,,,,,,,,,,,,,,,,,,,,,,,,,,,,,,,,,,,,,,,,,,,,,,,,,,,,,,,,,,,,,,,,,,,,,,,,,,,,,,,,,,,,,,,,,,,,,,,,,,,,,,,,,,,,,,,,,,,,,,,,,,,,,,,,,,,,,,,
https://twitter.com/utk_asc/status/1270023279252660227,2020-06-08T16:02:00+00:00,"Consistency is tutoring makes a difference. Now you can request to meet with your tutor each week! Build on what you discussed, check in on progress, and have a #successVOL semester

The request for can be found here: https://t.co/EtCdbb9Y7A https://t.co/O9LkwURlsb","Consistency is tutoring makes a difference. Now you can request to meet with your tutor each week! Build on what you discussed, check in on progress, and have a #successVOL semester

The request for can be found here: studentsuccess.utk.edu/tutoring-sched‚Ä¶ https://t.co/O9LkwURlsb",1270023279252660200,utk_asc,UTK Academic Success Center,148477864,The Academic Success Center supports all undergrads at UTK in their pursuit for academic success. #SuccessVOL,The Academic Success Center supports all undergrads at UTK in their pursuit for academic success. #SuccessVOL,false,2010-05-26T20:16:44+00:00,2190,450,1470,760,25,289,"Knoxville, Tennessee",false,https://studentsuccess.utk.edu/academic-success-center/,https://t.co/Cgvm6MfCJA,https://pbs.twimg.com/profile_images/1271105294798553088/OcdyrOBL_normal.jpg,https://pbs.twimg.com/profile_banners/148477864/1600799563,https://studentsuccess.utk.edu/tutoring-schedule/,https://t.co/EtCdbb9Y7A,0,0,2,0,1270023279252660200,en,"<a href=""https://mobile.twitter.com"" rel=""nofollow"">Twitter Web App</a>",https://mobile.twitter.com,Twitter Web App,https://pbs.twimg.com/media/EZg-ERXXsAEFYpJ?format=jpg&name=small,https://pbs.twimg.com/media/EZg-ERXXsAEFYpJ?format=jpg&name=large,photo,,,,,,,,,,,,,,,,,,,,,,,,,,,,,,,,,,,,,,,,,,,,,,,,,,,,,,,,,,,,,,,,,,,,,,,,,,,,,,,,,,,,,,,,,,,,,,,,,,,,,,,,,,,,,,,,,,,,,,,,,,,,,,,,,,,,,,,,,,,,,,,,,,,,,,,,,,,,,,,,,,,,,,,,,,,,,,,,,,,,,,,,,,,,,,,,,,,,,,,,,,,,,,,,,,,,,,,,,,,,,,,,,,,,,,,,,,,,,,,,,,,,,,,,,,,,,,,,,
https://twitter.com/utk_asc/status/1267423146174341120,2020-06-01T11:50:00+00:00,"Tutoring &amp; SI for Summer courses begin today! These are wonderful FREE resources to help you excel in your courses- we hope you use them! 

You can make a tutoring appointment via Navigate (formerly GradesFirst) and SI does not require an appointment. Link in bio for schedules. https://t.co/RR3q9eqQMq","Tutoring &amp; SI for Summer courses begin today! These are wonderful FREE resources to help you excel in your courses- we hope you use them! 

You can make a tutoring appointment via Navigate (formerly GradesFirst) and SI does not require an appointment. Link in bio for schedules. https://t.co/RR3q9eqQMq",1267423146174341000,utk_asc,UTK Academic Success Center,148477864,The Academic Success Center supports all undergrads at UTK in their pursuit for academic success. #SuccessVOL,The Academic Success Center supports all undergrads at UTK in their pursuit for academic success. #SuccessVOL,false,2010-05-26T20:16:44+00:00,2190,450,1470,760,25,289,"Knoxville, Tennessee",false,https://studentsuccess.utk.edu/academic-success-center/,https://t.co/Cgvm6MfCJA,https://pbs.twimg.com/profile_images/1271105294798553088/OcdyrOBL_normal.jpg,https://pbs.twimg.com/profile_banners/148477864/1600799563,,,0,0,0,0,1267423146174341000,en,"<a href=""https://mobile.twitter.com"" rel=""nofollow"">Twitter Web App</a>",https://mobile.twitter.com,Twitter Web App,,,video,,,,,https://pbs.twimg.com/ext_tw_video_thumb/1266365418123309056/pu/img/lYjI8-txE1RRGG36.jpg,video/mp4,https://video.twimg.com/ext_tw_video/1266365418123309056/pu/vid/540x270/vwZJyfEwd9yyD37B.mp4?tag=10,256000,video/mp4,https://video.twimg.com/ext_tw_video/1266365418123309056/pu/vid/1024x512/Mh4Yg5_Z_-YBFakz.mp4?tag=10,2176000,application/x-mpegURL,https://video.twimg.com/ext_tw_video/1266365418123309056/pu/pl/BcJN7VYn2JryfYtz.m3u8?tag=10,,video/mp4,https://video.twimg.com/ext_tw_video/1266365418123309056/pu/vid/720x360/uKyITdEeRT19A3mj.mp4?tag=10,832000,11.433,,,,,,,,,,,,,,,,,,,,,,,,,,,,,,,,,,,,,,,,,,,,,,,,,,,,,,,,,,,,,,,,,,,,,,,,,,,,,,,,,,,,,,,,,,,,,,,,,,,,,,,,,,,,,,,,,,,,,,,,,,,,,,,,,,,,,,,,,,,,,,,,,,,,,,,,,,,,,,,,,,,,,,,,,,,,,,,,,,,,,,,,,,,,,,,,,,,,,,,,,,,,,,,,,,,,,,,,,,,,,,,,,,,,,,,,,,,,,,,
https://twitter.com/utk_asc/status/1266418526258188289,2020-05-29T17:18:00+00:00,Summer '20 tutoring is available starting Monday! Check out https://t.co/EtCdbbrzwa for full details and to make an appointment through Navigate (formerly GradesFirst) https://t.co/5dNt0Zhy1B,Summer '20 tutoring is available starting Monday! Check out studentsuccess.utk.edu/tutoring-sched‚Ä¶ for full details and to make an appointment through Navigate (formerly GradesFirst) https://t.co/5dNt0Zhy1B,1266418526258188300,utk_asc,UTK Academic Success Center,148477864,The Academic Success Center supports all undergrads at UTK in their pursuit for academic success. #SuccessVOL,The Academic Success Center supports all undergrads at UTK in their pursuit for academic success. #SuccessVOL,false,2010-05-26T20:16:44+00:00,2190,450,1470,760,25,289,"Knoxville, Tennessee",false,https://studentsuccess.utk.edu/academic-success-center/,https://t.co/Cgvm6MfCJA,https://pbs.twimg.com/profile_images/1271105294798553088/OcdyrOBL_normal.jpg,https://pbs.twimg.com/profile_banners/148477864/1600799563,https://studentsuccess.utk.edu/tutoring-schedule/,https://t.co/EtCdbbrzwa,0,3,4,0,1266418526258188300,en,"<a href=""https://mobile.twitter.com"" rel=""nofollow"">Twitter Web App</a>",https://mobile.twitter.com,Twitter Web App,https://pbs.twimg.com/media/EZMJ4nhUcAMLQQV?format=jpg&name=small,https://pbs.twimg.com/media/EZMJ4nhUcAMLQQV?format=jpg&name=large,photo,,,,,,,,,,,,,,,,,,,,,,,,,,,,,,,,,,,,,,,,,,,,,,,,,,,,,,,,,,,,,,,,,,,,,,,,,,,,,,,,,,,,,,,,,,,,,,,,,,,,,,,,,,,,,,,,,,,,,,,,,,,,,,,,,,,,,,,,,,,,,,,,,,,,,,,,,,,,,,,,,,,,,,,,,,,,,,,,,,,,,,,,,,,,,,,,,,,,,,,,,,,,,,,,,,,,,,,,,,,,,,,,,,,,,,,,,,,,,,,,,,,,,,,,,,,,,,,,,
https://twitter.com/utk_asc/status/1266352101208264715,2020-05-29T12:54:03+00:00,"Summer ‚Äò20 SI sessions begin Monday! Supplemental Instruction is a twice weekly, drop in resource designed to help you review and practice your in-class learning. Add it to your schedule as part of class for weekly review! https://t.co/zwXiPhQ9py","Summer ‚Äò20 SI sessions begin Monday! Supplemental Instruction is a twice weekly, drop in resource designed to help you review and practice your in-class learning. Add it to your schedule as part of class for weekly review! https://t.co/zwXiPhQ9py",1266352101208264700,utk_asc,UTK Academic Success Center,148477864,The Academic Success Center supports all undergrads at UTK in their pursuit for academic success. #SuccessVOL,The Academic Success Center supports all undergrads at UTK in their pursuit for academic success. #SuccessVOL,false,2010-05-26T20:16:44+00:00,2190,450,1470,760,25,289,"Knoxville, Tennessee",false,https://studentsuccess.utk.edu/academic-success-center/,https://t.co/Cgvm6MfCJA,https://pbs.twimg.com/profile_images/1271105294798553088/OcdyrOBL_normal.jpg,https://pbs.twimg.com/profile_banners/148477864/1600799563,,,0,1,0,0,1266352101208264700,en,"<a href=""http://twitter.com/download/iphone"" rel=""nofollow"">Twitter for iPhone</a>",http://twitter.com/download/iphone,Twitter for iPhone,https://pbs.twimg.com/media/EZL8hBEWsAUjXhV?format=jpg&name=small,https://pbs.twimg.com/media/EZL8hBEWsAUjXhV?format=jpg&name=large,photo,,,,,,,,,,,,,,,,,,,https://pbs.twimg.com/media/EZL8hBDXYAIrM25?format=jpg&name=small,https://pbs.twimg.com/media/EZL8hBDXYAIrM25?format=jpg&name=large,photo,https://pbs.twimg.com/media/EZL8hBDXYAMKaPt?format=jpg&name=small,https://pbs.twimg.com/media/EZL8hBDXYAMKaPt?format=jpg&name=large,photo,,,,,,,,,,,,,,,,,,,,,,,,,,,,,,,,,,,,,,,,,,,,,,,,,,,,,,,,,,,,,,,,,,,,,,,,,,,,,,,,,,,,,,,,,,,,,,,,,,,,,,,,,,,,,,,,,,,,,,,,,,,,,,,,,,,,,,,,,,,,,,,,,,,,,,,,,,,,,,,,,,,,,,,,,,,,,,,,,,,,,,,,,,,,,,,,,,,,,,,,,,,,,,,,,,,,,,,,,,,,,,,,,,,,,,,,,
https://twitter.com/utk_asc/status/1266017839711993862,2020-05-28T14:45:49+00:00,"Happy first day of summer classes, Vols! Summer classes go quickly. Writing down all dates and deadlines on a schedule like this one is a great way to stay on top of assignments! Find additional summer deadlines here: https://t.co/KxCnfBokQI https://t.co/BLVFnDFcMq","Happy first day of summer classes, Vols! Summer classes go quickly. Writing down all dates and deadlines on a schedule like this one is a great way to stay on top of assignments! Find additional summer deadlines here: registrar.utk.edu/wp-content/upl‚Ä¶ https://t.co/BLVFnDFcMq",1266017839711993900,utk_asc,UTK Academic Success Center,148477864,The Academic Success Center supports all undergrads at UTK in their pursuit for academic success. #SuccessVOL,The Academic Success Center supports all undergrads at UTK in their pursuit for academic success. #SuccessVOL,false,2010-05-26T20:16:44+00:00,2190,450,1470,760,25,289,"Knoxville, Tennessee",false,https://studentsuccess.utk.edu/academic-success-center/,https://t.co/Cgvm6MfCJA,https://pbs.twimg.com/profile_images/1271105294798553088/OcdyrOBL_normal.jpg,https://pbs.twimg.com/profile_banners/148477864/1600799563,https://registrar.utk.edu/wp-content/uploads/sites/38/2020/05/202030-Summer-Time-finan2.pdf,https://t.co/KxCnfBokQI,0,1,4,0,1266017839711993900,en,"<a href=""https://mobile.twitter.com"" rel=""nofollow"">Twitter Web App</a>",https://mobile.twitter.com,Twitter Web App,https://pbs.twimg.com/media/EZHLrPlWsAA_Zb_?format=jpg&name=small,https://pbs.twimg.com/media/EZHLrPlWsAA_Zb_?format=jpg&name=large,photo,,,,,,,,,,,,,,,,,,,,,,,,,,,,,,,,,,,,,,,,,,,,,,,,,,,,,,,,,,,,,,,,,,,,,,,,,,,,,,,,,,,,,,,,,,,,,,,,,,,,,,,,,,,,,,,,,,,,,,,,,,,,,,,,,,,,,,,,,,,,,,,,,,,,,,,,,,,,,,,,,,,,,,,,,,,,,,,,,,,,,,,,,,,,,,,,,,,,,,,,,,,,,,,,,,,,,,,,,,,,,,,,,,,,,,,,,,,,,,,,,,,,,,,,,,,,,,,,,
https://twitter.com/utk_asc/status/1253667008593485825,2020-04-24T12:48:01+00:00,Happy last day of classes! Join us for finals prep this Sunday and Monday. Let‚Äôs finish this semester strong! https://t.co/dZ3jMyMMV9,Happy last day of classes! Join us for finals prep this Sunday and Monday. Let‚Äôs finish this semester strong! https://t.co/dZ3jMyMMV9,1253667008593485800,utk_asc,UTK Academic Success Center,148477864,The Academic Success Center supports all undergrads at UTK in their pursuit for academic success. #SuccessVOL,The Academic Success Center supports all undergrads at UTK in their pursuit for academic success. #SuccessVOL,false,2010-05-26T20:16:44+00:00,2190,450,1470,760,25,289,"Knoxville, Tennessee",false,https://studentsuccess.utk.edu/academic-success-center/,https://t.co/Cgvm6MfCJA,https://pbs.twimg.com/profile_images/1271105294798553088/OcdyrOBL_normal.jpg,https://pbs.twimg.com/profile_banners/148477864/1600799563,,,0,3,9,0,1253667008593485800,en,"<a href=""http://twitter.com/download/iphone"" rel=""nofollow"">Twitter for iPhone</a>",http://twitter.com/download/iphone,Twitter for iPhone,https://pbs.twimg.com/media/EWXrfvNWoAIonA_?format=jpg&name=small,https://pbs.twimg.com/media/EWXrfvNWoAIonA_?format=jpg&name=large,photo,,,,,,,,,,,,,,,,,,,,,,,,,,,,,,,,,,,,,,,,,,,,,,,,,,,,,,,,,,,,,,,,,,,,,,,,,,,,,,,,,,,,,,,,,,,,,,,,,,,,,,,,,,,,,,,,,,,,,,,,,,,,,,,,,,,,,,,,,,,,,,,,,,,,,,,,,,,,,,,,,,,,,,,,,,,,,,,,,,,,,,,,,,,,,,,,,,,,,,,,,,,,,,,,,,,,,,,,,,,,,,,,,,,,,,,,,,,,,,,,,,,,,,,,,,,,,,,,,
https://twitter.com/utk_asc/status/1250766501734502400,2020-04-16T12:42:26+00:00,"Can you believe we only have a little over a week left of classes?? Let‚Äôs finish this semester strong!

Join us on Study Day (and the day before!) for last minute tutoring, SI sessions, and drop in coaching. 

Appointments also still available leading up to Study Day! üìöüìñ https://t.co/zR0qxk8x2h","Can you believe we only have a little over a week left of classes?? Let‚Äôs finish this semester strong!

Join us on Study Day (and the day before!) for last minute tutoring, SI sessions, and drop in coaching. 

Appointments also still available leading up to Study Day! üìöüìñ https://t.co/zR0qxk8x2h",1250766501734502400,utk_asc,UTK Academic Success Center,148477864,The Academic Success Center supports all undergrads at UTK in their pursuit for academic success. #SuccessVOL,The Academic Success Center supports all undergrads at UTK in their pursuit for academic success. #SuccessVOL,false,2010-05-26T20:16:44+00:00,2190,450,1470,760,25,289,"Knoxville, Tennessee",false,https://studentsuccess.utk.edu/academic-success-center/,https://t.co/Cgvm6MfCJA,https://pbs.twimg.com/profile_images/1271105294798553088/OcdyrOBL_normal.jpg,https://pbs.twimg.com/profile_banners/148477864/1600799563,,,0,6,13,1,1250766501734502400,en,"<a href=""http://twitter.com/download/iphone"" rel=""nofollow"">Twitter for iPhone</a>",http://twitter.com/download/iphone,Twitter for iPhone,https://pbs.twimg.com/media/EVudf5eXQAE3-oe?format=jpg&name=small,https://pbs.twimg.com/media/EVudf5eXQAE3-oe?format=jpg&name=large,photo,,,,,,,,,,,,,,,,,,,,,,,,,,,,,,,,,,,,,,,,,,,,,,,,,,,,,,,,,,,,,,,,,,,,,,,,,,,,,,,,,,,,,,,,,,,,,,,,,,,,,,,,,,,,,,,,,,,,,,,,,,,,,,,,,,,,,,,,,,,,,,,,,,,,,,,,,,,,,,,,,,,,,,,,,,,,,,,,,,,,,,,,,,,,,,,,,,,,,,,,,,,,,,,,,,,,,,,,,,,,,,,,,,,,,,,,,,,,,,,,,,,,,,,,,,,,,,,,,
https://twitter.com/utk_asc/status/1249684153525768193,2020-04-13T13:01:34+00:00,Starting soon! Check it out ‚¨áÔ∏è https://t.co/roHbRn6njV,Starting soon! Check it out ‚¨áÔ∏è twitter.com/SportandPeaceU‚Ä¶,1249684153525768200,utk_asc,UTK Academic Success Center,148477864,The Academic Success Center supports all undergrads at UTK in their pursuit for academic success. #SuccessVOL,The Academic Success Center supports all undergrads at UTK in their pursuit for academic success. #SuccessVOL,false,2010-05-26T20:16:44+00:00,2190,450,1470,760,25,289,"Knoxville, Tennessee",false,https://studentsuccess.utk.edu/academic-success-center/,https://t.co/Cgvm6MfCJA,https://pbs.twimg.com/profile_images/1271105294798553088/OcdyrOBL_normal.jpg,https://pbs.twimg.com/profile_banners/148477864/1600799563,https://twitter.com/SportandPeaceUT/status/1248371574597697537,https://t.co/roHbRn6njV,0,0,0,0,1249684153525768200,en,"<a href=""http://twitter.com/download/iphone"" rel=""nofollow"">Twitter for iPhone</a>",http://twitter.com/download/iphone,Twitter for iPhone,,,,,,,,,,,,,,,,,,,,,,,,,,,,https://twitter.com/SportandPeaceUT/status/1248371574597697537,2020-04-09T22:05:51+00:00,"Start next week off right üí™ w/ a mindfulness and meditation session üßò‚Äç‚ôÄÔ∏è on  Monday, April 13 at 11am ET üóìÔ∏è  on Instagram live!! üì± Dr. Jill Brooks, a neuropsychologist and friend of CSPS, will lead a guided meditation and provide tips on staying mentally strong. ü•∞ https://t.co/SGm9rDZ6rQ","Start next week off right üí™ w/ a mindfulness and meditation session üßò‚Äç‚ôÄÔ∏è on  Monday, April 13 at 11am ET üóìÔ∏è  on Instagram live!! üì± Dr. Jill Brooks, a neuropsychologist and friend of CSPS, will lead a guided meditation and provide tips on staying mentally strong. ü•∞ https://t.co/SGm9rDZ6rQ",1248371574597697500,SportandPeaceUT,UT_SportPeaceSociety,578304763,"The CSPS unleashes the power of sport to create a more peaceful, inclusive world in Tennessee and beyond. We implement @SportsEmpower‚úåüèºüåçüçä","The CSPS unleashes the power of sport to create a more peaceful, inclusive world in Tennessee and beyond. We implement @SportsEmpower‚úåüèºüåçüçä",true,2012-05-12T18:48:20+00:00,2428,1095,6547,3036,71,1496,"Knoxville, Tennessee",false,http://sportandpeace.utk.edu,https://t.co/TaB1xcfaAA,https://pbs.twimg.com/profile_images/555453425740046336/BQVr6GKZ_normal.png,https://pbs.twimg.com/profile_banners/578304763/1533832920,0,2,7,1,1248371574597697500,en,"<a href=""http://twitter.com/download/iphone"" rel=""nofollow"">Twitter for iPhone</a>",http://twitter.com/download/iphone,Twitter for iPhone,https://pbs.twimg.com/media/EVMbU8oXkAAhcgn?format=jpg&name=small,https://pbs.twimg.com/media/EVMbU8oXkAAhcgn?format=jpg&name=large,photo,,,,,,,,,,,,,,,,,,,,,,,,,,,,,,,,,,,,,,,,,,,,,,,,,,,,,,,,,,,,,,,,,,,,,,,,,,,,,,,,,,,,,,,,,,,,,,,,,,,,,,,,,,,,,,,,,,,,,,,,,,,,,,,,,,,,,,,,,,,,,,,,,,,,,,,,,,,,,,,,,,,,,,,,,,,,,,,,,,,,,,,,,,,,,,,,,,,,,
https://twitter.com/utk_asc/status/1246057921185820672,2020-04-03T12:52:13+00:00,It is the end of week two! You've made it through the first two weeks and a huge part of the transition. Keep up the great work and remember that we are here to help you navigate the rest of the semester.,It is the end of week two! You've made it through the first two weeks and a huge part of the transition. Keep up the great work and remember that we are here to help you navigate the rest of the semester.,1246057921185820700,utk_asc,UTK Academic Success Center,148477864,The Academic Success Center supports all undergrads at UTK in their pursuit for academic success. #SuccessVOL,The Academic Success Center supports all undergrads at UTK in their pursuit for academic success. #SuccessVOL,false,2010-05-26T20:16:44+00:00,2190,450,1470,760,25,289,"Knoxville, Tennessee",false,https://studentsuccess.utk.edu/academic-success-center/,https://t.co/Cgvm6MfCJA,https://pbs.twimg.com/profile_images/1271105294798553088/OcdyrOBL_normal.jpg,https://pbs.twimg.com/profile_banners/148477864/1600799563,,,0,0,7,0,1246057921185820700,en,"<a href=""https://mobile.twitter.com"" rel=""nofollow"">Twitter Web App</a>",https://mobile.twitter.com,Twitter Web App,,,,,,,,,,,,,,,,,,,,,,,,,,,,,,,,,,,,,,,,,,,,,,,,,,,,,,,,,,,,,,,,,,,,,,,,,,,,,,,,,,,,,,,,,,,,,,,,,,,,,,,,,,,,,,,,,,,,,,,,,,,,,,,,,,,,,,,,,,,,,,,,,,,,,,,,,,,,,,,,,,,,,,,,,,,,,,,,,,,,,,,,,,,,,,,,,,,,,,,,,,,,,,,,,,,,,,,,,,,,,,,,,,,,,,,,,,,,,,,,,,,,,,,,,,,,,,,,,,,,
https://twitter.com/utk_asc/status/1245403115769286659,2020-04-01T17:30:15+00:00,"As our coach Jenny said, ‚ÄúWe are all in this together in figuring things out, so let‚Äôs stay connected and each do our part to make it work‚Äù! https://t.co/0zwQhlohcz","As our coach Jenny said, ‚ÄúWe are all in this together in figuring things out, so let‚Äôs stay connected and each do our part to make it work‚Äù! twitter.com/UTKnoxville/st‚Ä¶",1245403115769286700,utk_asc,UTK Academic Success Center,148477864,The Academic Success Center supports all undergrads at UTK in their pursuit for academic success. #SuccessVOL,The Academic Success Center supports all undergrads at UTK in their pursuit for academic success. #SuccessVOL,false,2010-05-26T20:16:44+00:00,2190,450,1470,760,25,289,"Knoxville, Tennessee",false,https://studentsuccess.utk.edu/academic-success-center/,https://t.co/Cgvm6MfCJA,https://pbs.twimg.com/profile_images/1271105294798553088/OcdyrOBL_normal.jpg,https://pbs.twimg.com/profile_banners/148477864/1600799563,https://twitter.com/UTKnoxville/status/1245402152157265921,https://t.co/0zwQhlohcz,0,0,2,0,1245403115769286700,en,"<a href=""http://twitter.com/download/iphone"" rel=""nofollow"">Twitter for iPhone</a>",http://twitter.com/download/iphone,Twitter for iPhone,,,,,,,,,,,,,,,,,,,,,,,,,,,,https://twitter.com/UTKnoxville/status/1245402152157265921,2020-04-01T17:26:26+00:00,Need tutoring or other academic assistance? The @utk_ssc  and @MSL_UTK are offering online support. üíª  https://t.co/83bjUk25GH,Need tutoring or other academic assistance? The @utk_ssc  and @MSL_UTK are offering online support. üíª  news.utk.edu/2020/03/26/onl‚Ä¶,1245402152157266000,UTKnoxville,UT Knoxville,19773627,"The official Twitter of the University of Tennessee, Knoxville. #GoVols","The official Twitter of the University of Tennessee, Knoxville. #GoVols",true,2009-01-30T16:07:42+00:00,135407,2393,17012,16522,754,2816,"Knoxville, Tenn.",false,http://www.utk.edu,https://t.co/Uk6PwYVO7y,https://pbs.twimg.com/profile_images/877239454460649472/xE_FmkWc_normal.jpg,https://pbs.twimg.com/profile_banners/19773627/1592858023,1,11,27,2,1245402152157266000,en,"<a href=""https://mobile.twitter.com"" rel=""nofollow"">Twitter Web App</a>",https://mobile.twitter.com,Twitter Web App,,,,,,,https://news.utk.edu/2020/03/26/online-academic-support/,https://t.co/83bjUk25GH,,MSL_UTK,Office of Multicultural Student Life,361451349,,,,,,,,,,,,,,,,,,,,,,,,,,,,,,,,,,,,,,,,,,,,,,,,,,,,,,,,,,,,,,,,,,,,,,,,,,,,,,,,,,,,,,,,,,,,,,,,,,,,,,,,,,,,,,,,,,,,,,,,,,,,,,,,,,,,,,,,,,,,,,,,,,,,,,,,,,,,,,,,,,,,,,,,,,,,,,,,,,,,,,,,,,,,
https://twitter.com/utk_asc/status/1245348842310115329,2020-04-01T13:54:36+00:00,"Vols, what you do in the next few weeks matter. YOU matter. We‚Äôve put together a few reminders below to help you finish the semester strong. https://t.co/3qzFur5jyO","Vols, what you do in the next few weeks matter. YOU matter. We‚Äôve put together a few reminders below to help you finish the semester strong. https://t.co/3qzFur5jyO",1245348842310115300,utk_asc,UTK Academic Success Center,148477864,The Academic Success Center supports all undergrads at UTK in their pursuit for academic success. #SuccessVOL,The Academic Success Center supports all undergrads at UTK in their pursuit for academic success. #SuccessVOL,false,2010-05-26T20:16:44+00:00,2190,450,1470,760,25,289,"Knoxville, Tennessee",false,https://studentsuccess.utk.edu/academic-success-center/,https://t.co/Cgvm6MfCJA,https://pbs.twimg.com/profile_images/1271105294798553088/OcdyrOBL_normal.jpg,https://pbs.twimg.com/profile_banners/148477864/1600799563,,,0,5,15,0,1245348842310115300,en,"<a href=""https://mobile.twitter.com"" rel=""nofollow"">Twitter Web App</a>",https://mobile.twitter.com,Twitter Web App,https://pbs.twimg.com/media/EUheAJyXYAAnOkQ?format=jpg&name=small,https://pbs.twimg.com/media/EUheAJyXYAAnOkQ?format=jpg&name=large,photo,,,,,,,,,,,,,,,,,,,,,,,,,,,,,,,,,,,,,,,,,,,,,,,,,,,,,,,,,,,,,,,,,,,,,,,,,,,,,,,,,,,,,,,,,,,,,,,,,,,,,,,,,,,,,,,,,,,,,,,,,,,,,,,,,,,,,,,,,,,,,,,,,,,,,,,,,,,,,,,,,,,,,,,,,,,,,,,,,,,,,,,,,,,,,,,,,,,,,,,,,,,,,,,,,,,,,,,,,,,,,,,,,,,,,,,,,,,,,,,,,,,,,,,,,,,,,,,,,
https://twitter.com/utk_asc/status/1243181565280235520,2020-03-26T14:22:37+00:00,"How are things going, Vols?
We want to know how you're handling these new online changes. Check your UT email and let us know how you're doing! We are here to help! https://t.co/QAaYZXziCE","How are things going, Vols?
We want to know how you're handling these new online changes. Check your UT email and let us know how you're doing! We are here to help! https://t.co/QAaYZXziCE",1243181565280235500,utk_asc,UTK Academic Success Center,148477864,The Academic Success Center supports all undergrads at UTK in their pursuit for academic success. #SuccessVOL,The Academic Success Center supports all undergrads at UTK in their pursuit for academic success. #SuccessVOL,false,2010-05-26T20:16:44+00:00,2190,450,1470,760,25,289,"Knoxville, Tennessee",false,https://studentsuccess.utk.edu/academic-success-center/,https://t.co/Cgvm6MfCJA,https://pbs.twimg.com/profile_images/1271105294798553088/OcdyrOBL_normal.jpg,https://pbs.twimg.com/profile_banners/148477864/1600799563,,,0,4,9,1,1243181565280235500,en,"<a href=""http://twitter.com/download/iphone"" rel=""nofollow"">Twitter for iPhone</a>",http://twitter.com/download/iphone,Twitter for iPhone,https://pbs.twimg.com/media/EUCrCv9XsAEMkd_?format=jpg&name=small,https://pbs.twimg.com/media/EUCrCv9XsAEMkd_?format=jpg&name=large,photo,,,,,,,,,,,,,,,,,,,,,,,,,,,,,,,,,,,,,,,,,,,,,,,,,,,,,,,,,,,,,,,,,,,,,,,,,,,,,,,,,,,,,,,,,,,,,,,,,,,,,,,,,,,,,,,,,,,,,,,,,,,,,,,,,,,,,,,,,,,,,,,,,,,,,,,,,,,,,,,,,,,,,,,,,,,,,,,,,,,,,,,,,,,,,,,,,,,,,,,,,,,,,,,,,,,,,,,,,,,,,,,,,,,,,,,,,,,,,,,,,,,,,,,,,,,,,,,,,
https://twitter.com/utk_asc/status/1243155881606422529,2020-03-26T12:40:33+00:00,Updated academic policies for spring 2020: https://t.co/lNoJ4qQtEX,Updated academic policies for spring 2020: twitter.com/UTKnoxville/st‚Ä¶,1243155881606422500,utk_asc,UTK Academic Success Center,148477864,The Academic Success Center supports all undergrads at UTK in their pursuit for academic success. #SuccessVOL,The Academic Success Center supports all undergrads at UTK in their pursuit for academic success. #SuccessVOL,false,2010-05-26T20:16:44+00:00,2190,450,1470,760,25,289,"Knoxville, Tennessee",false,https://studentsuccess.utk.edu/academic-success-center/,https://t.co/Cgvm6MfCJA,https://pbs.twimg.com/profile_images/1271105294798553088/OcdyrOBL_normal.jpg,https://pbs.twimg.com/profile_banners/148477864/1600799563,https://twitter.com/UTKnoxville/status/1242921849266352128,https://t.co/lNoJ4qQtEX,0,0,0,0,1243155881606422500,en,"<a href=""http://twitter.com/download/iphone"" rel=""nofollow"">Twitter for iPhone</a>",http://twitter.com/download/iphone,Twitter for iPhone,,,,,,,,,,,,,,,,,,,,,,,,,,,,https://twitter.com/UTKnoxville/status/1242921849266352128,2020-03-25T21:10:35+00:00,Today the @UTFacultySenate voted to temporarily adjust several academic policies for the spring 2020 semester in order to best support student success under these extraordinary circumstances. https://t.co/qsHIp7ePw4 /THREAD,Today the @UTFacultySenate voted to temporarily adjust several academic policies for the spring 2020 semester in order to best support student success under these extraordinary circumstances. utk.edu/coronavirus/up‚Ä¶ /THREAD,1242921849266352000,UTKnoxville,UT Knoxville,19773627,"The official Twitter of the University of Tennessee, Knoxville. #GoVols","The official Twitter of the University of Tennessee, Knoxville. #GoVols",true,2009-01-30T16:07:42+00:00,135407,2393,17012,16522,754,2816,"Knoxville, Tenn.",false,http://www.utk.edu,https://t.co/Uk6PwYVO7y,https://pbs.twimg.com/profile_images/877239454460649472/xE_FmkWc_normal.jpg,https://pbs.twimg.com/profile_banners/19773627/1592858023,4,19,54,4,1242921849266352000,en,"<a href=""https://mobile.twitter.com"" rel=""nofollow"">Twitter Web App</a>",https://mobile.twitter.com,Twitter Web App,,,,,,,https://www.utk.edu/coronavirus/updates/temporary-academic-policy-changes,https://t.co/qsHIp7ePw4,,UTFacultySenate,UTKFacultySenate,915331016058921000,,,,,,,,,,,,,,,,,,,,,,,,,,,,,,,,,,,,,,,,,,,,,,,,,,,,,,,,,,,,,,,,,,,,,,,,,,,,,,,,,,,,,,,,,,,,,,,,,,,,,,,,,,,,,,,,,,,,,,,,,,,,,,,,,,,,,,,,,,,,,,,,,,,,,,,,,,,,,,,,,,,,,,,,,,,,,,,,,,,,,,,,,,,,
https://twitter.com/utk_asc/status/1242787538596700160,2020-03-25T12:16:53+00:00,"Vols, we made it to day three! We hope you are starting to get used to this new normal. Let us know if we can help! Don't forget, we made a guide to help you with the transition online. You can find that here: https://t.co/Sze0uuGKFs","Vols, we made it to day three! We hope you are starting to get used to this new normal. Let us know if we can help! Don't forget, we made a guide to help you with the transition online. You can find that here: studentsuccess.utk.edu/online-academi‚Ä¶",1242787538596700200,utk_asc,UTK Academic Success Center,148477864,The Academic Success Center supports all undergrads at UTK in their pursuit for academic success. #SuccessVOL,The Academic Success Center supports all undergrads at UTK in their pursuit for academic success. #SuccessVOL,false,2010-05-26T20:16:44+00:00,2190,450,1470,760,25,289,"Knoxville, Tennessee",false,https://studentsuccess.utk.edu/academic-success-center/,https://t.co/Cgvm6MfCJA,https://pbs.twimg.com/profile_images/1271105294798553088/OcdyrOBL_normal.jpg,https://pbs.twimg.com/profile_banners/148477864/1600799563,https://studentsuccess.utk.edu/online-academic-success-guide/,https://t.co/Sze0uuGKFs,0,2,8,0,1242787538596700200,en,"<a href=""https://mobile.twitter.com"" rel=""nofollow"">Twitter Web App</a>",https://mobile.twitter.com,Twitter Web App,,,,,,,,,,,,,,,,,,,,,,,,,,,,,,,,,,,,,,,,,,,,,,,,,,,,,,,,,,,,,,,,,,,,,,,,,,,,,,,,,,,,,,,,,,,,,,,,,,,,,,,,,,,,,,,,,,,,,,,,,,,,,,,,,,,,,,,,,,,,,,,,,,,,,,,,,,,,,,,,,,,,,,,,,,,,,,,,,,,,,,,,,,,,,,,,,,,,,,,,,,,,,,,,,,,,,,,,,,,,,,,,,,,,,,,,,,,,,,,,,,,,,,,,,,,,,,,,,,,,
https://twitter.com/utk_asc/status/1242196004717371393,2020-03-23T21:06:21+00:00,Dean Shea and Vice Provost Amber Williams are live on the UT Knoxville Facebook page right now! Join us in hearing them check in about the first day of fully online courses.,Dean Shea and Vice Provost Amber Williams are live on the UT Knoxville Facebook page right now! Join us in hearing them check in about the first day of fully online courses.,1242196004717371400,utk_asc,UTK Academic Success Center,148477864,The Academic Success Center supports all undergrads at UTK in their pursuit for academic success. #SuccessVOL,The Academic Success Center supports all undergrads at UTK in their pursuit for academic success. #SuccessVOL,false,2010-05-26T20:16:44+00:00,2190,450,1470,760,25,289,"Knoxville, Tennessee",false,https://studentsuccess.utk.edu/academic-success-center/,https://t.co/Cgvm6MfCJA,https://pbs.twimg.com/profile_images/1271105294798553088/OcdyrOBL_normal.jpg,https://pbs.twimg.com/profile_banners/148477864/1600799563,,,0,0,0,0,1242196004717371400,en,"<a href=""http://twitter.com/download/iphone"" rel=""nofollow"">Twitter for iPhone</a>",http://twitter.com/download/iphone,Twitter for iPhone,,,,,,,,,,,,,,,,,,,,,,,,,,,,,,,,,,,,,,,,,,,,,,,,,,,,,,,,,,,,,,,,,,,,,,,,,,,,,,,,,,,,,,,,,,,,,,,,,,,,,,,,,,,,,,,,,,,,,,,,,,,,,,,,,,,,,,,,,,,,,,,,,,,,,,,,,,,,,,,,,,,,,,,,,,,,,,,,,,,,,,,,,,,,,,,,,,,,,,,,,,,,,,,,,,,,,,,,,,,,,,,,,,,,,,,,,,,,,,,,,,,,,,,,,,,,,,,,,,,,
https://twitter.com/utk_asc/status/1242111161669214208,2020-03-23T15:29:12+00:00,"We are here for you, Vols! We know this is an overwhelming time. We hope that our online success guide can help! https://t.co/Sze0uuGKFs

Check it out and remember that our academic coaches, tutors, and SI leaders are all available to you virtually. You‚Äôve got this! https://t.co/lFKiUsrWX5","We are here for you, Vols! We know this is an overwhelming time. We hope that our online success guide can help! studentsuccess.utk.edu/online-academi‚Ä¶

Check it out and remember that our academic coaches, tutors, and SI leaders are all available to you virtually. You‚Äôve got this! https://t.co/lFKiUsrWX5",1242111161669214200,utk_asc,UTK Academic Success Center,148477864,The Academic Success Center supports all undergrads at UTK in their pursuit for academic success. #SuccessVOL,The Academic Success Center supports all undergrads at UTK in their pursuit for academic success. #SuccessVOL,false,2010-05-26T20:16:44+00:00,2190,450,1470,760,25,289,"Knoxville, Tennessee",false,https://studentsuccess.utk.edu/academic-success-center/,https://t.co/Cgvm6MfCJA,https://pbs.twimg.com/profile_images/1271105294798553088/OcdyrOBL_normal.jpg,https://pbs.twimg.com/profile_banners/148477864/1600799563,https://studentsuccess.utk.edu/online-academic-success-guide/,https://t.co/Sze0uuGKFs,0,1,4,1,1242111161669214200,en,"<a href=""http://twitter.com/download/iphone"" rel=""nofollow"">Twitter for iPhone</a>",http://twitter.com/download/iphone,Twitter for iPhone,https://pbs.twimg.com/media/ETzdhCVXsAUI5Gh?format=jpg&name=small,https://pbs.twimg.com/media/ETzdhCVXsAUI5Gh?format=jpg&name=large,photo,,,,,,,,,,,,,,,,,,,,,,,,,,,,,,,,,,,,,,,,,,,,,,,,,,,,,,,,,,,,,,,,,,,,,,,,,,,,,,,,,,,,,,,,,,,,,,,,,,,,,,,,,,,,,,,,,,,,,,,,,,,,,,,,,,,,,,,,,,,,,,,,,,,,,,,,,,,,,,,,,,,,,,,,,,,,,,,,,,,,,,,,,,,,,,,,,,,,,,,,,,,,,,,,,,,,,,,,,,,,,,,,,,,,,,,,,,,,,,,,,,,,,,,,,,,,,,,,,
https://twitter.com/utk_asc/status/1242099912063569921,2020-03-23T14:44:30+00:00,Our incredible tutors are also available for Zoom appointments! Here‚Äôs how to sign up: https://t.co/Ej4ZbI3LkA,Our incredible tutors are also available for Zoom appointments! Here‚Äôs how to sign up: https://t.co/Ej4ZbI3LkA,1242099912063570000,utk_asc,UTK Academic Success Center,148477864,The Academic Success Center supports all undergrads at UTK in their pursuit for academic success. #SuccessVOL,The Academic Success Center supports all undergrads at UTK in their pursuit for academic success. #SuccessVOL,false,2010-05-26T20:16:44+00:00,2190,450,1470,760,25,289,"Knoxville, Tennessee",false,https://studentsuccess.utk.edu/academic-success-center/,https://t.co/Cgvm6MfCJA,https://pbs.twimg.com/profile_images/1271105294798553088/OcdyrOBL_normal.jpg,https://pbs.twimg.com/profile_banners/148477864/1600799563,,,0,10,21,1,1242099912063570000,en,"<a href=""http://twitter.com/download/iphone"" rel=""nofollow"">Twitter for iPhone</a>",http://twitter.com/download/iphone,Twitter for iPhone,https://pbs.twimg.com/media/ETzTR5HWsAsaGhF?format=jpg&name=small,https://pbs.twimg.com/media/ETzTR5HWsAsaGhF?format=jpg&name=large,photo,,,,,,,,,,,,,,,,,,,,,,,,,,,,,,,,,,,,,,,,,,,,,,,,,,,,,,,,,,,,,,,,,,,,,,,,,,,,,,,,,,,,,,,,,,,,,,,,,,,,,,,,,,,,,,,,,,,,,,,,,,,,,,,,,,,,,,,,,,,,,,,,,,,,,,,,,,,,,,,,,,,,,,,,,,,,,,,,,,,,,,,,,,,,,,,,,,,,,,,,,,,,,,,,,,,,,,,,,,,,,,,,,,,,,,,,,,,,,,,,,,,,,,,,,,,,,,,,,
https://twitter.com/utk_asc/status/1242099122972364800,2020-03-23T14:41:22+00:00,"If you need academic help in the next few weeks, you can still meet with an academic coach online! Just follow the steps ‚¨áÔ∏è‚¨áÔ∏è and let us know how we can help! #EverywhereUT https://t.co/wOfUU1lDe9","If you need academic help in the next few weeks, you can still meet with an academic coach online! Just follow the steps ‚¨áÔ∏è‚¨áÔ∏è and let us know how we can help! #EverywhereUT https://t.co/wOfUU1lDe9",1242099122972364800,utk_asc,UTK Academic Success Center,148477864,The Academic Success Center supports all undergrads at UTK in their pursuit for academic success. #SuccessVOL,The Academic Success Center supports all undergrads at UTK in their pursuit for academic success. #SuccessVOL,false,2010-05-26T20:16:44+00:00,2190,450,1470,760,25,289,"Knoxville, Tennessee",false,https://studentsuccess.utk.edu/academic-success-center/,https://t.co/Cgvm6MfCJA,https://pbs.twimg.com/profile_images/1271105294798553088/OcdyrOBL_normal.jpg,https://pbs.twimg.com/profile_banners/148477864/1600799563,,,0,0,0,0,1242099122972364800,en,"<a href=""http://twitter.com/download/iphone"" rel=""nofollow"">Twitter for iPhone</a>",http://twitter.com/download/iphone,Twitter for iPhone,https://pbs.twimg.com/media/ETzSkDuWoAUV5fo?format=jpg&name=small,https://pbs.twimg.com/media/ETzSkDuWoAUV5fo?format=jpg&name=large,photo,,,,,,,,,,,,,,,,,,,,,,,,,,,,,,,,,,,,,,,,,,,,,,,,,,,,,,,,,,,,,,,,,,,,,,,,,,,,,,,,,,,,,,,,,,,,,,,,,,,,,,,,,,,,,,,,,,,,,,,,,,,,,,,,,,,,,,,,,,,,,,,,,,,,,,,,,,,,,,,,,,,,,,,,,,,,,,,,,,,,,,,,,,,,,,,,,,,,,,,,,,,,,,,,,,,,,,,,,,,,,,,,,,,,,,,,,,,,,,,,,,,,,,,,,,,,,,,,,
https://twitter.com/utk_asc/status/1238451260094705664,2020-03-13T13:06:04+00:00,"The SSC is open &amp; here for you! Our academic coaches, tutors, &amp; SI leaders are available to you through Zoom. Detailed instructions can be found at link in bio.
 
Have a fun &amp; safe Spring Break! Let us know if there is anything we can help you with as we round out the semester. https://t.co/BKVsJv9aLL","The SSC is open &amp; here for you! Our academic coaches, tutors, &amp; SI leaders are available to you through Zoom. Detailed instructions can be found at link in bio.
 
Have a fun &amp; safe Spring Break! Let us know if there is anything we can help you with as we round out the semester. https://t.co/BKVsJv9aLL",1238451260094705700,utk_asc,UTK Academic Success Center,148477864,The Academic Success Center supports all undergrads at UTK in their pursuit for academic success. #SuccessVOL,The Academic Success Center supports all undergrads at UTK in their pursuit for academic success. #SuccessVOL,false,2010-05-26T20:16:44+00:00,2190,450,1470,760,25,289,"Knoxville, Tennessee",false,https://studentsuccess.utk.edu/academic-success-center/,https://t.co/Cgvm6MfCJA,https://pbs.twimg.com/profile_images/1271105294798553088/OcdyrOBL_normal.jpg,https://pbs.twimg.com/profile_banners/148477864/1600799563,,,1,7,17,2,1238451260094705700,en,"<a href=""https://mobile.twitter.com"" rel=""nofollow"">Twitter Web App</a>",https://mobile.twitter.com,Twitter Web App,https://pbs.twimg.com/media/ES_cCDLU4AUZ1Z1?format=png&name=small,https://pbs.twimg.com/media/ES_cCDLU4AUZ1Z1?format=png&name=large,photo,,,,,,,,,,,,,,,,,,,,,,,,,,,,,,,,,,,,,,,,,,,,,,,,,,,,,,,,,,,,,,,,,,,,,,,,,,,,,,,,,,,,,,,,,,,,,,,,,,,,,,,,,,,,,,,,,,,,,,,,,,,,,,,,,,,,,,,,,,,,,,,,,,,,,,,,,,,,,,,,,,,,,,,,,,,,,,,,,,,,,,,,,,,,,,,,,,,,,,,,,,,,,,,,,,,,,,,,,,,,,,,,,,,,,,,,,,,,,,,,,,,,,,,,,,,,,,,,,
https://twitter.com/utk_asc/status/1237373491730477056,2020-03-10T13:43:24+00:00,"This is worth the read, folks! https://t.co/r0GngGjnQO","This is worth the read, folks! twitter.com/UTKPsych/statu‚Ä¶",1237373491730477000,utk_asc,UTK Academic Success Center,148477864,The Academic Success Center supports all undergrads at UTK in their pursuit for academic success. #SuccessVOL,The Academic Success Center supports all undergrads at UTK in their pursuit for academic success. #SuccessVOL,false,2010-05-26T20:16:44+00:00,2190,450,1470,760,25,289,"Knoxville, Tennessee",false,https://studentsuccess.utk.edu/academic-success-center/,https://t.co/Cgvm6MfCJA,https://pbs.twimg.com/profile_images/1271105294798553088/OcdyrOBL_normal.jpg,https://pbs.twimg.com/profile_banners/148477864/1600799563,https://twitter.com/UTKPsych/status/1237329882276823040,https://t.co/r0GngGjnQO,0,0,1,0,1237373491730477000,en,"<a href=""https://mobile.twitter.com"" rel=""nofollow"">Twitter Web App</a>",https://mobile.twitter.com,Twitter Web App,,,,,,,,,,,,,,,,,,,,,,,,,,,,https://twitter.com/UTKPsych/status/1237329882276823040,2020-03-10T10:50:07+00:00,Why You Procrastinate (It Has Nothing to Do With Self-Control) https://t.co/vJd7c30PwI,Why You Procrastinate (It Has Nothing to Do With Self-Control) nyti.ms/2V27940,1237329882276823000,UTKPsych,UTPsych,1173017808663277600,The Department of Psychology at The University of Tennessee in Knoxville. #UTPsych #GoVOLS,The Department of Psychology at The University of Tennessee in Knoxville. #UTPsych #GoVOLS,false,2019-09-14T23:37:10+00:00,175,121,480,74,0,146,"Knoxville, TN",false,https://psychology.utk.edu/,https://t.co/Kmd8uCzpul,https://pbs.twimg.com/profile_images/1188070491015274496/msnS8azj_normal.jpg,https://pbs.twimg.com/profile_banners/1173017808663277569/1568504491,0,2,3,1,1237329882276823000,en,"<a href=""https://app.sendible.com"" rel=""nofollow"">Sendible</a>",https://app.sendible.com,Sendible,,,,,,,https://nyti.ms/2V27940,https://t.co/vJd7c30PwI,,,,,,,,,,,,,,,,,,,,,,,,,,,,,,,,,,,,,,,,,,,,,,,,,,,,,,,,,,,,,,,,,,,,,,,,,,,,,,,,,,,,,,,,,,,,,,,,,,,,,,,,,,,,,,,,,,,,,,,,,,,,,,,,,,,,,,,,,,,,,,,,,,,,,,,,,,,,,,,,,,,,,,,,,,,,,,,,,,,,,,,,,,,,,,,,
https://twitter.com/utk_asc/status/1232766108614250497,2020-02-26T20:35:18+00:00,UT Named One of Nation‚Äôs Top Producers of Fulbright Students https://t.co/6ahhDfyxtF,UT Named One of Nation‚Äôs Top Producers of Fulbright Students news.utk.edu/2020/02/10/one‚Ä¶,1232766108614250500,utk_asc,UTK Academic Success Center,148477864,The Academic Success Center supports all undergrads at UTK in their pursuit for academic success. #SuccessVOL,The Academic Success Center supports all undergrads at UTK in their pursuit for academic success. #SuccessVOL,false,2010-05-26T20:16:44+00:00,2190,450,1470,760,25,289,"Knoxville, Tennessee",false,https://studentsuccess.utk.edu/academic-success-center/,https://t.co/Cgvm6MfCJA,https://pbs.twimg.com/profile_images/1271105294798553088/OcdyrOBL_normal.jpg,https://pbs.twimg.com/profile_banners/148477864/1600799563,https://news.utk.edu/2020/02/10/one-of-nations-top-producers-fulbright-students/,https://t.co/6ahhDfyxtF,0,0,0,0,1232766108614250500,en,"<a href=""http://twitter.com/download/iphone"" rel=""nofollow"">Twitter for iPhone</a>",http://twitter.com/download/iphone,Twitter for iPhone,,,,,,,,,,,,,,,,,,,,,,,,,,,,,,,,,,,,,,,,,,,,,,,,,,,,,,,,,,,,,,,,,,,,,,,,,,,,,,,,,,,,,,,,,,,,,,,,,,,,,,,,,,,,,,,,,,,,,,,,,,,,,,,,,,,,,,,,,,,,,,,,,,,,,,,,,,,,,,,,,,,,,,,,,,,,,,,,,,,,,,,,,,,,,,,,,,,,,,,,,,,,,,,,,,,,,,,,,,,,,,,,,,,,,,,,,,,,,,,,,,,,,,,,,,,,,,,,,,,,
https://twitter.com/utk_asc/status/1225807036887138304,2020-02-07T15:42:26+00:00,Another great summer job opportunity at the SSC! Apply here: https://t.co/oiiFMGCsPe https://t.co/3oL5mJExYD,Another great summer job opportunity at the SSC! Apply here: studentsuccess.utk.edu/about/work-at-‚Ä¶ https://t.co/3oL5mJExYD,1225807036887138300,utk_asc,UTK Academic Success Center,148477864,The Academic Success Center supports all undergrads at UTK in their pursuit for academic success. #SuccessVOL,The Academic Success Center supports all undergrads at UTK in their pursuit for academic success. #SuccessVOL,false,2010-05-26T20:16:44+00:00,2190,450,1470,760,25,289,"Knoxville, Tennessee",false,https://studentsuccess.utk.edu/academic-success-center/,https://t.co/Cgvm6MfCJA,https://pbs.twimg.com/profile_images/1271105294798553088/OcdyrOBL_normal.jpg,https://pbs.twimg.com/profile_banners/148477864/1600799563,http://studentsuccess.utk.edu/about/work-at-ssc/,https://t.co/oiiFMGCsPe,0,1,0,0,1225807036887138300,en,"<a href=""http://twitter.com/download/iphone"" rel=""nofollow"">Twitter for iPhone</a>",http://twitter.com/download/iphone,Twitter for iPhone,https://pbs.twimg.com/media/EQLw_6ZUYAERtSe?format=jpg&name=small,https://pbs.twimg.com/media/EQLw_6ZUYAERtSe?format=jpg&name=large,photo,,,,,,,,,,,,,,,,,,,,,,,,,,,,,,,,,,,,,,,,,,,,,,,,,,,,,,,,,,,,,,,,,,,,,,,,,,,,,,,,,,,,,,,,,,,,,,,,,,,,,,,,,,,,,,,,,,,,,,,,,,,,,,,,,,,,,,,,,,,,,,,,,,,,,,,,,,,,,,,,,,,,,,,,,,,,,,,,,,,,,,,,,,,,,,,,,,,,,,,,,,,,,,,,,,,,,,,,,,,,,,,,,,,,,,,,,,,,,,,,,,,,,,,,,,,,,,,,,
https://twitter.com/utk_asc/status/1222631080366235648,2020-01-29T21:22:19+00:00,"Lots of on campus employment opportunities open right now! If you are going to be here over the summer, consider applying to be a UTLSI counselor! https://t.co/HzxMkvqzvq","Lots of on campus employment opportunities open right now! If you are going to be here over the summer, consider applying to be a UTLSI counselor! instagram.com/p/B76s-L2gGvf/‚Ä¶",1222631080366235600,utk_asc,UTK Academic Success Center,148477864,The Academic Success Center supports all undergrads at UTK in their pursuit for academic success. #SuccessVOL,The Academic Success Center supports all undergrads at UTK in their pursuit for academic success. #SuccessVOL,false,2010-05-26T20:16:44+00:00,2190,450,1470,760,25,289,"Knoxville, Tennessee",false,https://studentsuccess.utk.edu/academic-success-center/,https://t.co/Cgvm6MfCJA,https://pbs.twimg.com/profile_images/1271105294798553088/OcdyrOBL_normal.jpg,https://pbs.twimg.com/profile_banners/148477864/1600799563,https://www.instagram.com/p/B76s-L2gGvf/?utm_source=ig_web_copy_link,https://t.co/HzxMkvqzvq,0,0,0,0,1222631080366235600,en,"<a href=""https://mobile.twitter.com"" rel=""nofollow"">Twitter Web App</a>",https://mobile.twitter.com,Twitter Web App,,,,,,,,,,,,,,,,,,,,,,,,,,,,,,,,,,,,,,,,,,,,,,,,,,,,,,,,,,,,,,,,,,,,,,,,,,,,,,,,,,,,,,,,,,,,,,,,,,,,,,,,,,,,,,,,,,,,,,,,,,,,,,,,,,,,,,,,,,,,,,,,,,,,,,,,,,,,,,,,,,,,,,,,,,,,,,,,,,,,,,,,,,,,,,,,,,,,,,,,,,,,,,,,,,,,,,,,,,,,,,,,,,,,,,,,,,,,,,,,,,,,,,,,,,,,,,,,,,,,
https://twitter.com/utk_asc/status/1215376315211227138,2020-01-09T20:54:28+00:00,Starting soon! Hope to see y‚Äôall there! https://t.co/KcCom2FqP4,Starting soon! Hope to see y‚Äôall there! twitter.com/utk_asc/status‚Ä¶,1215376315211227100,utk_asc,UTK Academic Success Center,148477864,The Academic Success Center supports all undergrads at UTK in their pursuit for academic success. #SuccessVOL,The Academic Success Center supports all undergrads at UTK in their pursuit for academic success. #SuccessVOL,false,2010-05-26T20:16:44+00:00,2190,450,1470,760,25,289,"Knoxville, Tennessee",false,https://studentsuccess.utk.edu/academic-success-center/,https://t.co/Cgvm6MfCJA,https://pbs.twimg.com/profile_images/1271105294798553088/OcdyrOBL_normal.jpg,https://pbs.twimg.com/profile_banners/148477864/1600799563,https://twitter.com/utk_asc/status/1215026711148027918,https://t.co/KcCom2FqP4,0,0,1,0,1215376315211227100,en,"<a href=""http://twitter.com/download/iphone"" rel=""nofollow"">Twitter for iPhone</a>",http://twitter.com/download/iphone,Twitter for iPhone,,,,,,,,,,,,,,,,,,,,,,,,,,,,https://twitter.com/utk_asc/status/1215026711148027918,2020-01-08T21:45:16+00:00,Come out to the SI Showcase tomorrow in Hodges to start your semester strong! Details ‚¨áÔ∏è‚¨áÔ∏è‚¨áÔ∏è https://t.co/X6NLzpsd75,Come out to the SI Showcase tomorrow in Hodges to start your semester strong! Details ‚¨áÔ∏è‚¨áÔ∏è‚¨áÔ∏è https://t.co/X6NLzpsd75,1215026711148028000,utk_asc,UTK Academic Success Center,148477864,The Academic Success Center supports all undergrads at UTK in their pursuit for academic success. #SuccessVOL,The Academic Success Center supports all undergrads at UTK in their pursuit for academic success. #SuccessVOL,false,2010-05-26T20:16:44+00:00,2190,450,1470,760,25,289,"Knoxville, Tennessee",false,https://studentsuccess.utk.edu/academic-success-center/,https://t.co/Cgvm6MfCJA,https://pbs.twimg.com/profile_images/1271105294798553088/OcdyrOBL_normal.jpg,https://pbs.twimg.com/profile_banners/148477864/1600799563,0,1,0,1,1215026711148028000,en,"<a href=""http://twitter.com/download/iphone"" rel=""nofollow"">Twitter for iPhone</a>",http://twitter.com/download/iphone,Twitter for iPhone,https://pbs.twimg.com/media/ENykWmSUUAAMMUm?format=jpg&name=small,https://pbs.twimg.com/media/ENykWmSUUAAMMUm?format=jpg&name=large,photo,,,,,,,,,,,,,,,,,,,,,,,,,,,,,,,,,,,,,,,,,,,,,,,,,,,,,,,,,,,,,,,,,,,,,,,,,,,,,,,,,,,,,,,,,,,,,,,,,,,,,,,,,,,,,,,,,,,,,,,,,,,,,,,,,,,,,,,,,,,,,,,,,,,,,,,,,,,,,,,,,,,,,,,,,,,,,,,,,,,,,,,,,,,,,,,,,,,,,
https://twitter.com/utk_asc/status/1215026711148027918,2020-01-08T21:45:16+00:00,Come out to the SI Showcase tomorrow in Hodges to start your semester strong! Details ‚¨áÔ∏è‚¨áÔ∏è‚¨áÔ∏è https://t.co/X6NLzpsd75,Come out to the SI Showcase tomorrow in Hodges to start your semester strong! Details ‚¨áÔ∏è‚¨áÔ∏è‚¨áÔ∏è https://t.co/X6NLzpsd75,1215026711148028000,utk_asc,UTK Academic Success Center,148477864,The Academic Success Center supports all undergrads at UTK in their pursuit for academic success. #SuccessVOL,The Academic Success Center supports all undergrads at UTK in their pursuit for academic success. #SuccessVOL,false,2010-05-26T20:16:44+00:00,2190,450,1470,760,25,289,"Knoxville, Tennessee",false,https://studentsuccess.utk.edu/academic-success-center/,https://t.co/Cgvm6MfCJA,https://pbs.twimg.com/profile_images/1271105294798553088/OcdyrOBL_normal.jpg,https://pbs.twimg.com/profile_banners/148477864/1600799563,,,0,1,0,1,1215026711148028000,en,"<a href=""http://twitter.com/download/iphone"" rel=""nofollow"">Twitter for iPhone</a>",http://twitter.com/download/iphone,Twitter for iPhone,https://pbs.twimg.com/media/ENykWmSUUAAMMUm?format=jpg&name=small,https://pbs.twimg.com/media/ENykWmSUUAAMMUm?format=jpg&name=large,photo,,,,,,,,,,,,,,,,,,,,,,,,,,,,,,,,,,,,,,,,,,,,,,,,,,,,,,,,,,,,,,,,,,,,,,,,,,,,,,,,,,,,,,,,,,,,,,,,,,,,,,,,,,,,,,,,,,,,,,,,,,,,,,,,,,,,,,,,,,,,,,,,,,,,,,,,,,,,,,,,,,,,,,,,,,,,,,,,,,,,,,,,,,,,,,,,,,,,,,,,,,,,,,,,,,,,,,,,,,,,,,,,,,,,,,,,,,,,,,,,,,,,,,,,,,,,,,,,,
https://twitter.com/utk_asc/status/1204844125532631042,2019-12-11T19:23:19+00:00,@lbgary Thank you for sharing and recommending our services to students!!,@lbgary Thank you for sharing and recommending our services to students!!,1204844125532631000,utk_asc,UTK Academic Success Center,148477864,The Academic Success Center supports all undergrads at UTK in their pursuit for academic success. #SuccessVOL,The Academic Success Center supports all undergrads at UTK in their pursuit for academic success. #SuccessVOL,false,2010-05-26T20:16:44+00:00,2190,450,1470,760,25,289,"Knoxville, Tennessee",false,https://studentsuccess.utk.edu/academic-success-center/,https://t.co/Cgvm6MfCJA,https://pbs.twimg.com/profile_images/1271105294798553088/OcdyrOBL_normal.jpg,https://pbs.twimg.com/profile_banners/148477864/1600799563,,,0,0,1,0,1204768778023661600,en,"<a href=""http://twitter.com/download/iphone"" rel=""nofollow"">Twitter for iPhone</a>",http://twitter.com/download/iphone,Twitter for iPhone,,,,,,,,,,,,,,,,,,,,,,,,,,,,,,,,,,,,,,,,,,,,,,,,,,,,,,,,,,,,,,,,,,,,,,,,,,,,,,,,,,,,,,,,,,lbgary,Lisa Byerley Gary,14021022,,,,,,,,,,,,,,,,,,,,,,,,,,,,,,,,,,,,,,,,,,,,,,,,,,,,,,,,,,,,,,,,,,,,,,,,,,,,,,,,,,,,,,,,,,,,,,,,,,,,,,,,,,,,,,,,,,,,,,,,,,,,,,,,,,,,,,,,,,,,,,,,,,,,,,,,,,,,,,,,,,,,,,,,
https://twitter.com/utk_asc/status/1204422717602181122,2019-12-10T15:28:47+00:00,@UTKStudentLife @utklibrarian @UTKLibraries @ConserveItAll @UTKSGA Great idea!,@UTKStudentLife @utklibrarian @UTKLibraries @ConserveItAll @UTKSGA Great idea!,1204422717602181000,utk_asc,UTK Academic Success Center,148477864,The Academic Success Center supports all undergrads at UTK in their pursuit for academic success. #SuccessVOL,The Academic Success Center supports all undergrads at UTK in their pursuit for academic success. #SuccessVOL,false,2010-05-26T20:16:44+00:00,2190,450,1470,760,25,289,"Knoxville, Tennessee",false,https://studentsuccess.utk.edu/academic-success-center/,https://t.co/Cgvm6MfCJA,https://pbs.twimg.com/profile_images/1271105294798553088/OcdyrOBL_normal.jpg,https://pbs.twimg.com/profile_banners/148477864/1600799563,,,0,0,1,0,1204147222264176600,en,"<a href=""http://twitter.com/download/iphone"" rel=""nofollow"">Twitter for iPhone</a>",http://twitter.com/download/iphone,Twitter for iPhone,,,,,,,,,,,,,,,,,,,,,,,,,,,,,,,,,,,,,,,,,,,,,,,,,,,,,,,,,,,,,,,,,,,,,,,,,,,,,,,,,,,,,,,,,,UTKStudentLife,UTK Student Life,888059665178820600,,,,,,,,,,,,,,,,,,utklibrarian,Dean Steve Smith (UTK Dean of Libraries),3397141349,,,,,,,,,,,,,,,,,,UTKLibraries,UT Libraries,764146422,,,,,,,,,,,,,,,,,,ConserveItAll,Amanda Richards üç∏,15064144,,,,,,,,,,,,,,,,,,UTKSGA,Student Government Association,61057500,,,,,,,,,,,,,,,,,,,,,,,,,,,,,,,,,,,,,,,,,,,,,,,,,,,,,,,,,,,,,,,,,,,,,,,,,,,,,,,,,,,,,,,,
https://twitter.com/utk_asc/status/1202665818967986181,2019-12-05T19:07:30+00:00,"Study Day is here! Instead of tying to power through on your own, let us help! https://t.co/ECpwM4gyK8","Study Day is here! Instead of tying to power through on your own, let us help! https://t.co/ECpwM4gyK8",1202665818967986200,utk_asc,UTK Academic Success Center,148477864,The Academic Success Center supports all undergrads at UTK in their pursuit for academic success. #SuccessVOL,The Academic Success Center supports all undergrads at UTK in their pursuit for academic success. #SuccessVOL,false,2010-05-26T20:16:44+00:00,2190,450,1470,760,25,289,"Knoxville, Tennessee",false,https://studentsuccess.utk.edu/academic-success-center/,https://t.co/Cgvm6MfCJA,https://pbs.twimg.com/profile_images/1271105294798553088/OcdyrOBL_normal.jpg,https://pbs.twimg.com/profile_banners/148477864/1600799563,,,0,1,0,0,1202665818967986200,en,"<a href=""http://twitter.com/download/iphone"" rel=""nofollow"">Twitter for iPhone</a>",http://twitter.com/download/iphone,Twitter for iPhone,https://pbs.twimg.com/media/ELC6Lw1UcAAttrH?format=jpg&name=small,https://pbs.twimg.com/media/ELC6Lw1UcAAttrH?format=jpg&name=large,photo,,,,,,,,,,,,,,,,,,,,,,,,,,,,,,,,,,,,,,,,,,,,,,,,,,,,,,,,,,,,,,,,,,,,,,,,,,,,,,,,,,,,,,,,,,,,,,,,,,,,,,,,,,,,,,,,,,,,,,,,,,,,,,,,,,,,,,,,,,,,,,,,,,,,,,,,,,,,,,,,,,,,,,,,,,,,,,,,,,,,,,,,,,,,,,,,,,,,,,,,,,,,,,,,,,,,,,,,,,,,,,,,,,,,,,,,,,,,,,,,,,,,,,,,,,,,,,,,,
https://twitter.com/utk_asc/status/1202266378931253248,2019-12-04T16:40:16+00:00,Study Day is tomorrow! Check out how the SSC can help you finish your semester strong ‚¨áÔ∏è‚¨áÔ∏è‚¨áÔ∏è https://t.co/Ef6O0UXlxz,Study Day is tomorrow! Check out how the SSC can help you finish your semester strong ‚¨áÔ∏è‚¨áÔ∏è‚¨áÔ∏è https://t.co/Ef6O0UXlxz,1202266378931253200,utk_asc,UTK Academic Success Center,148477864,The Academic Success Center supports all undergrads at UTK in their pursuit for academic success. #SuccessVOL,The Academic Success Center supports all undergrads at UTK in their pursuit for academic success. #SuccessVOL,false,2010-05-26T20:16:44+00:00,2190,450,1470,760,25,289,"Knoxville, Tennessee",false,https://studentsuccess.utk.edu/academic-success-center/,https://t.co/Cgvm6MfCJA,https://pbs.twimg.com/profile_images/1271105294798553088/OcdyrOBL_normal.jpg,https://pbs.twimg.com/profile_banners/148477864/1600799563,,,0,0,4,1,1202266378931253200,en,"<a href=""http://twitter.com/download/iphone"" rel=""nofollow"">Twitter for iPhone</a>",http://twitter.com/download/iphone,Twitter for iPhone,https://pbs.twimg.com/media/EK9O5Y1XkAAnKrR?format=jpg&name=small,https://pbs.twimg.com/media/EK9O5Y1XkAAnKrR?format=jpg&name=large,photo,,,,,,,,,,,,,,,,,,,,,,,,,,,,,,,,,,,,,,,,,,,,,,,,,,,,,,,,,,,,,,,,,,,,,,,,,,,,,,,,,,,,,,,,,,,,,,,,,,,,,,,,,,,,,,,,,,,,,,,,,,,,,,,,,,,,,,,,,,,,,,,,,,,,,,,,,,,,,,,,,,,,,,,,,,,,,,,,,,,,,,,,,,,,,,,,,,,,,,,,,,,,,,,,,,,,,,,,,,,,,,,,,,,,,,,,,,,,,,,,,,,,,,,,,,,,,,,,,
https://twitter.com/utk_asc/status/1202263477190119424,2019-12-04T16:28:44+00:00,"Happy last day of classes, Vols!","Happy last day of classes, Vols!",1202263477190119400,utk_asc,UTK Academic Success Center,148477864,The Academic Success Center supports all undergrads at UTK in their pursuit for academic success. #SuccessVOL,The Academic Success Center supports all undergrads at UTK in their pursuit for academic success. #SuccessVOL,false,2010-05-26T20:16:44+00:00,2190,450,1470,760,25,289,"Knoxville, Tennessee",false,https://studentsuccess.utk.edu/academic-success-center/,https://t.co/Cgvm6MfCJA,https://pbs.twimg.com/profile_images/1271105294798553088/OcdyrOBL_normal.jpg,https://pbs.twimg.com/profile_banners/148477864/1600799563,,,0,2,4,0,1202263477190119400,en,"<a href=""http://twitter.com/download/iphone"" rel=""nofollow"">Twitter for iPhone</a>",http://twitter.com/download/iphone,Twitter for iPhone,,,,,,,,,,,,,,,,,,,,,,,,,,,,,,,,,,,,,,,,,,,,,,,,,,,,,,,,,,,,,,,,,,,,,,,,,,,,,,,,,,,,,,,,,,,,,,,,,,,,,,,,,,,,,,,,,,,,,,,,,,,,,,,,,,,,,,,,,,,,,,,,,,,,,,,,,,,,,,,,,,,,,,,,,,,,,,,,,,,,,,,,,,,,,,,,,,,,,,,,,,,,,,,,,,,,,,,,,,,,,,,,,,,,,,,,,,,,,,,,,,,,,,,,,,,,,,,,,,,,
https://twitter.com/utk_asc/status/1194274594762440706,2019-11-12T15:23:46+00:00,"Don‚Äôt let the snow distract you from the fact that today is the LAST day to use a W in any full-session courses! If you are thinking about using a W, talk to your advisor and OneStop.","Don‚Äôt let the snow distract you from the fact that today is the LAST day to use a W in any full-session courses! If you are thinking about using a W, talk to your advisor and OneStop.",1194274594762440700,utk_asc,UTK Academic Success Center,148477864,The Academic Success Center supports all undergrads at UTK in their pursuit for academic success. #SuccessVOL,The Academic Success Center supports all undergrads at UTK in their pursuit for academic success. #SuccessVOL,false,2010-05-26T20:16:44+00:00,2190,450,1470,760,25,289,"Knoxville, Tennessee",false,https://studentsuccess.utk.edu/academic-success-center/,https://t.co/Cgvm6MfCJA,https://pbs.twimg.com/profile_images/1271105294798553088/OcdyrOBL_normal.jpg,https://pbs.twimg.com/profile_banners/148477864/1600799563,,,0,0,0,0,1194274594762440700,en,"<a href=""http://twitter.com/download/iphone"" rel=""nofollow"">Twitter for iPhone</a>",http://twitter.com/download/iphone,Twitter for iPhone,,,,,,,,,,,,,,,,,,,,,,,,,,,,,,,,,,,,,,,,,,,,,,,,,,,,,,,,,,,,,,,,,,,,,,,,,,,,,,,,,,,,,,,,,,,,,,,,,,,,,,,,,,,,,,,,,,,,,,,,,,,,,,,,,,,,,,,,,,,,,,,,,,,,,,,,,,,,,,,,,,,,,,,,,,,,,,,,,,,,,,,,,,,,,,,,,,,,,,,,,,,,,,,,,,,,,,,,,,,,,,,,,,,,,,,,,,,,,,,,,,,,,,,,,,,,,,,,,,,,
https://twitter.com/utk_asc/status/1194262963596775424,2019-11-12T14:37:33+00:00,"As of today, there are just 14 days of class left in the semester. Make them count! Come see us for SI, tutoring, and/or Coaching to help get you ready to ace final projects and exams!","As of today, there are just 14 days of class left in the semester. Make them count! Come see us for SI, tutoring, and/or Coaching to help get you ready to ace final projects and exams!",1194262963596775400,utk_asc,UTK Academic Success Center,148477864,The Academic Success Center supports all undergrads at UTK in their pursuit for academic success. #SuccessVOL,The Academic Success Center supports all undergrads at UTK in their pursuit for academic success. #SuccessVOL,false,2010-05-26T20:16:44+00:00,2190,450,1470,760,25,289,"Knoxville, Tennessee",false,https://studentsuccess.utk.edu/academic-success-center/,https://t.co/Cgvm6MfCJA,https://pbs.twimg.com/profile_images/1271105294798553088/OcdyrOBL_normal.jpg,https://pbs.twimg.com/profile_banners/148477864/1600799563,,,0,0,5,0,1194262963596775400,en,"<a href=""http://twitter.com/download/iphone"" rel=""nofollow"">Twitter for iPhone</a>",http://twitter.com/download/iphone,Twitter for iPhone,,,,,,,,,,,,,,,,,,,,,,,,,,,,,,,,,,,,,,,,,,,,,,,,,,,,,,,,,,,,,,,,,,,,,,,,,,,,,,,,,,,,,,,,,,,,,,,,,,,,,,,,,,,,,,,,,,,,,,,,,,,,,,,,,,,,,,,,,,,,,,,,,,,,,,,,,,,,,,,,,,,,,,,,,,,,,,,,,,,,,,,,,,,,,,,,,,,,,,,,,,,,,,,,,,,,,,,,,,,,,,,,,,,,,,,,,,,,,,,,,,,,,,,,,,,,,,,,,,,,
https://twitter.com/utk_asc/status/1194262229950115842,2019-11-12T14:34:38+00:00,Hope y‚Äôall are staying warm today! ‚ùÑÔ∏è‚òÉÔ∏è,Hope y‚Äôall are staying warm today! ‚ùÑÔ∏è‚òÉÔ∏è,1194262229950115800,utk_asc,UTK Academic Success Center,148477864,The Academic Success Center supports all undergrads at UTK in their pursuit for academic success. #SuccessVOL,The Academic Success Center supports all undergrads at UTK in their pursuit for academic success. #SuccessVOL,false,2010-05-26T20:16:44+00:00,2190,450,1470,760,25,289,"Knoxville, Tennessee",false,https://studentsuccess.utk.edu/academic-success-center/,https://t.co/Cgvm6MfCJA,https://pbs.twimg.com/profile_images/1271105294798553088/OcdyrOBL_normal.jpg,https://pbs.twimg.com/profile_banners/148477864/1600799563,,,0,0,1,0,1194262229950115800,en,"<a href=""http://twitter.com/download/iphone"" rel=""nofollow"">Twitter for iPhone</a>",http://twitter.com/download/iphone,Twitter for iPhone,,,,,,,,,,,,,,,,,,,,,,,,,,,,,,,,,,,,,,,,,,,,,,,,,,,,,,,,,,,,,,,,,,,,,,,,,,,,,,,,,,,,,,,,,,,,,,,,,,,,,,,,,,,,,,,,,,,,,,,,,,,,,,,,,,,,,,,,,,,,,,,,,,,,,,,,,,,,,,,,,,,,,,,,,,,,,,,,,,,,,,,,,,,,,,,,,,,,,,,,,,,,,,,,,,,,,,,,,,,,,,,,,,,,,,,,,,,,,,,,,,,,,,,,,,,,,,,,,,,,
https://twitter.com/utk_asc/status/1194007042723393537,2019-11-11T21:40:37+00:00,UT Campus Community Reflects on First-Gen Week Celebration https://t.co/luwsIiNEYd,UT Campus Community Reflects on First-Gen Week Celebration news.utk.edu/2019/11/08/ut-‚Ä¶,1194007042723393500,utk_asc,UTK Academic Success Center,148477864,The Academic Success Center supports all undergrads at UTK in their pursuit for academic success. #SuccessVOL,The Academic Success Center supports all undergrads at UTK in their pursuit for academic success. #SuccessVOL,false,2010-05-26T20:16:44+00:00,2190,450,1470,760,25,289,"Knoxville, Tennessee",false,https://studentsuccess.utk.edu/academic-success-center/,https://t.co/Cgvm6MfCJA,https://pbs.twimg.com/profile_images/1271105294798553088/OcdyrOBL_normal.jpg,https://pbs.twimg.com/profile_banners/148477864/1600799563,https://news.utk.edu/2019/11/08/ut-campus-community-reflects-on-first-gen-week-celebration/,https://t.co/luwsIiNEYd,0,2,2,0,1194007042723393500,en,"<a href=""http://twitter.com/download/iphone"" rel=""nofollow"">Twitter for iPhone</a>",http://twitter.com/download/iphone,Twitter for iPhone,,,,,,,,,,,,,,,,,,,,,,,,,,,,,,,,,,,,,,,,,,,,,,,,,,,,,,,,,,,,,,,,,,,,,,,,,,,,,,,,,,,,,,,,,,,,,,,,,,,,,,,,,,,,,,,,,,,,,,,,,,,,,,,,,,,,,,,,,,,,,,,,,,,,,,,,,,,,,,,,,,,,,,,,,,,,,,,,,,,,,,,,,,,,,,,,,,,,,,,,,,,,,,,,,,,,,,,,,,,,,,,,,,,,,,,,,,,,,,,,,,,,,,,,,,,,,,,,,,,,
https://twitter.com/utk_asc/status/1192143084542287872,2019-11-06T18:13:54+00:00,UTK #CelebrateFirstGen events happening all week! https://t.co/9vga6QwlvD,UTK #CelebrateFirstGen events happening all week! https://t.co/9vga6QwlvD,1192143084542288000,utk_asc,UTK Academic Success Center,148477864,The Academic Success Center supports all undergrads at UTK in their pursuit for academic success. #SuccessVOL,The Academic Success Center supports all undergrads at UTK in their pursuit for academic success. #SuccessVOL,false,2010-05-26T20:16:44+00:00,2190,450,1470,760,25,289,"Knoxville, Tennessee",false,https://studentsuccess.utk.edu/academic-success-center/,https://t.co/Cgvm6MfCJA,https://pbs.twimg.com/profile_images/1271105294798553088/OcdyrOBL_normal.jpg,https://pbs.twimg.com/profile_banners/148477864/1600799563,,,0,0,4,0,1192143084542288000,en,"<a href=""http://twitter.com/download/iphone"" rel=""nofollow"">Twitter for iPhone</a>",http://twitter.com/download/iphone,Twitter for iPhone,,,video,,,,,https://pbs.twimg.com/ext_tw_video_thumb/1192143060718649344/pu/img/hCBSKxBZweK25hay.jpg,video/mp4,https://video.twimg.com/ext_tw_video/1192143060718649344/pu/vid/360x640/Dj-VuEFGccnZgOdw.mp4?tag=10,832000,application/x-mpegURL,https://video.twimg.com/ext_tw_video/1192143060718649344/pu/pl/2pxu2-bATGPhLWS7.m3u8?tag=10,,video/mp4,https://video.twimg.com/ext_tw_video/1192143060718649344/pu/vid/320x568/CmMvGaokGuZyW502.mp4?tag=10,632000,video/mp4,https://video.twimg.com/ext_tw_video/1192143060718649344/pu/vid/720x1280/gzzub7JxQx9kW9lN.mp4?tag=10,2176000,5.7,,,,,,,,,,,,,,,,,,,,,,,,,,,,,,,,,,,,,,,,,,,,,,,,,,,,,,,,,,,,,,,,,,,,,,,,,,,,,,,,,,,,,,,,,,,,,,,,,,,,,,,,,,,,,,,,,,,,,,,,,,,,,,,,,,,,,,,,,,,,,,,,,,,,,,,,,,,,,,,,,,,,,,,,,,,,,,,,,,,,,,,,,,,,,,,,,,,,,,,,,,,,,,,,,,,,,,,,,,,,,,,,,,,,,,,,,,,,,,,
https://twitter.com/utk_asc/status/1192115344158134273,2019-11-06T16:23:41+00:00,Come slap the Rock for #CelebrateFirstGen from 12-2! https://t.co/rdFp2vmUCx,Come slap the Rock for #CelebrateFirstGen from 12-2! https://t.co/rdFp2vmUCx,1192115344158134300,utk_asc,UTK Academic Success Center,148477864,The Academic Success Center supports all undergrads at UTK in their pursuit for academic success. #SuccessVOL,The Academic Success Center supports all undergrads at UTK in their pursuit for academic success. #SuccessVOL,false,2010-05-26T20:16:44+00:00,2190,450,1470,760,25,289,"Knoxville, Tennessee",false,https://studentsuccess.utk.edu/academic-success-center/,https://t.co/Cgvm6MfCJA,https://pbs.twimg.com/profile_images/1271105294798553088/OcdyrOBL_normal.jpg,https://pbs.twimg.com/profile_banners/148477864/1600799563,,,0,0,1,0,1192115344158134300,en,"<a href=""http://twitter.com/download/iphone"" rel=""nofollow"">Twitter for iPhone</a>",http://twitter.com/download/iphone,Twitter for iPhone,https://pbs.twimg.com/media/EIs-j5YUEAAr9k-?format=jpg&name=small,https://pbs.twimg.com/media/EIs-j5YUEAAr9k-?format=jpg&name=large,photo,,,,,,,,,,,,,,,,,,,,,,,,,,,,,,,,,,,,,,,,,,,,,,,,,,,,,,,,,,,,,,,,,,,,,,,,,,,,,,,,,,,,,,,,,,,,,,,,,,,,,,,,,,,,,,,,,,,,,,,,,,,,,,,,,,,,,,,,,,,,,,,,,,,,,,,,,,,,,,,,,,,,,,,,,,,,,,,,,,,,,,,,,,,,,,,,,,,,,,,,,,,,,,,,,,,,,,,,,,,,,,,,,,,,,,,,,,,,,,,,,,,,,,,,,,,,,,,,,
https://twitter.com/utk_asc/status/1192080077321900032,2019-11-06T14:03:32+00:00,Hope to see you at the Rock from 12-2 today! https://t.co/xyEozy3Fe8,Hope to see you at the Rock from 12-2 today! https://t.co/xyEozy3Fe8,1192080077321900000,utk_asc,UTK Academic Success Center,148477864,The Academic Success Center supports all undergrads at UTK in their pursuit for academic success. #SuccessVOL,The Academic Success Center supports all undergrads at UTK in their pursuit for academic success. #SuccessVOL,false,2010-05-26T20:16:44+00:00,2190,450,1470,760,25,289,"Knoxville, Tennessee",false,https://studentsuccess.utk.edu/academic-success-center/,https://t.co/Cgvm6MfCJA,https://pbs.twimg.com/profile_images/1271105294798553088/OcdyrOBL_normal.jpg,https://pbs.twimg.com/profile_banners/148477864/1600799563,,,0,2,1,0,1192080077321900000,en,"<a href=""http://twitter.com/download/iphone"" rel=""nofollow"">Twitter for iPhone</a>",http://twitter.com/download/iphone,Twitter for iPhone,https://pbs.twimg.com/media/EIsegbHUwAE4Ewe?format=jpg&name=small,https://pbs.twimg.com/media/EIsegbHUwAE4Ewe?format=jpg&name=large,photo,,,,,,,,,,,,,,,,,,,,,,,,,,,,,,,,,,,,,,,,,,,,,,,,,,,,,,,,,,,,,,,,,,,,,,,,,,,,,,,,,,,,,,,,,,,,,,,,,,,,,,,,,,,,,,,,,,,,,,,,,,,,,,,,,,,,,,,,,,,,,,,,,,,,,,,,,,,,,,,,,,,,,,,,,,,,,,,,,,,,,,,,,,,,,,,,,,,,,,,,,,,,,,,,,,,,,,,,,,,,,,,,,,,,,,,,,,,,,,,,,,,,,,,,,,,,,,,,,
https://twitter.com/utk_asc/status/1191800010981224449,2019-11-05T19:30:39+00:00,We are excited to #celebratefirstgen all week!! https://t.co/nSMPA5sxDf,We are excited to #celebratefirstgen all week!! twitter.com/UTKnoxvilleNew‚Ä¶,1191800010981224400,utk_asc,UTK Academic Success Center,148477864,The Academic Success Center supports all undergrads at UTK in their pursuit for academic success. #SuccessVOL,The Academic Success Center supports all undergrads at UTK in their pursuit for academic success. #SuccessVOL,false,2010-05-26T20:16:44+00:00,2190,450,1470,760,25,289,"Knoxville, Tennessee",false,https://studentsuccess.utk.edu/academic-success-center/,https://t.co/Cgvm6MfCJA,https://pbs.twimg.com/profile_images/1271105294798553088/OcdyrOBL_normal.jpg,https://pbs.twimg.com/profile_banners/148477864/1600799563,https://twitter.com/UTKnoxvilleNews/status/1191378391615909893,https://t.co/nSMPA5sxDf,0,0,6,0,1191800010981224400,en,"<a href=""http://twitter.com/download/iphone"" rel=""nofollow"">Twitter for iPhone</a>",http://twitter.com/download/iphone,Twitter for iPhone,,,,,,,,,,,,,,,,,,,,,,,,,,,,https://twitter.com/UTKnoxvilleNews/status/1191378391615909893,2019-11-04T15:35:17+00:00,"A cookout, hot chocolate bar, painting the Rock, and a celebration on social media are just some of the special events taking place during UT's celebration of first-generation college students this week. #CelebrateFirstGen https://t.co/pm41ACzXBf","A cookout, hot chocolate bar, painting the Rock, and a celebration on social media are just some of the special events taking place during UT's celebration of first-generation college students this week. #CelebrateFirstGen news.utk.edu/2019/11/04/ut-‚Ä¶",1191378391615910000,UTKnoxvilleNews,UT News,811687379136380900,"News from the University of Tennessee, Knoxville.","News from the University of Tennessee, Knoxville.",false,2016-12-21T21:38:46+00:00,2919,1579,2366,1316,40,476,"Knoxville, TN",false,https://news.utk.edu,https://t.co/czpMAHf6sf,https://pbs.twimg.com/profile_images/878335605582647296/QMeDM2bs_normal.jpg,https://pbs.twimg.com/profile_banners/811687379136380928/1482356784,0,9,72,5,1191378391615910000,en,"<a href=""https://mobile.twitter.com"" rel=""nofollow"">Twitter Web App</a>",https://mobile.twitter.com,Twitter Web App,,,,,,,https://news.utk.edu/2019/11/04/ut-celebrates-first-generation-students-with-weeklong-celebration/,https://t.co/pm41ACzXBf,,,,,,,,,,,,,,,,,,,,,,,,,,,,,,,,,,,,,,,,,,,,,,,,,,,,,,,,,,,,,,,,,,,,,,,,,,,,,,,,,,,,,,,,,,,,,,,,,,,,,,,,,,,,,,,,,,,,,,,,,,,,,,,,,,,,,,,,,,,,,,,,,,,,,,,,,,,,,,,,,,,,,,,,,,,,,,,,,,,,,,,,,,,,,,,,
https://twitter.com/utk_asc/status/1191464307789369346,2019-11-04T21:16:41+00:00,UT Celebrates First-Generation Students with Weeklong Celebration https://t.co/qhw5qyCJjR,UT Celebrates First-Generation Students with Weeklong Celebration news.utk.edu/2019/11/04/ut-‚Ä¶,1191464307789369300,utk_asc,UTK Academic Success Center,148477864,The Academic Success Center supports all undergrads at UTK in their pursuit for academic success. #SuccessVOL,The Academic Success Center supports all undergrads at UTK in their pursuit for academic success. #SuccessVOL,false,2010-05-26T20:16:44+00:00,2190,450,1470,760,25,289,"Knoxville, Tennessee",false,https://studentsuccess.utk.edu/academic-success-center/,https://t.co/Cgvm6MfCJA,https://pbs.twimg.com/profile_images/1271105294798553088/OcdyrOBL_normal.jpg,https://pbs.twimg.com/profile_banners/148477864/1600799563,https://news.utk.edu/2019/11/04/ut-celebrates-first-generation-students-with-weeklong-celebration/,https://t.co/qhw5qyCJjR,0,1,2,0,1191464307789369300,en,"<a href=""http://twitter.com/download/iphone"" rel=""nofollow"">Twitter for iPhone</a>",http://twitter.com/download/iphone,Twitter for iPhone,,,,,,,,,,,,,,,,,,,,,,,,,,,,,,,,,,,,,,,,,,,,,,,,,,,,,,,,,,,,,,,,,,,,,,,,,,,,,,,,,,,,,,,,,,,,,,,,,,,,,,,,,,,,,,,,,,,,,,,,,,,,,,,,,,,,,,,,,,,,,,,,,,,,,,,,,,,,,,,,,,,,,,,,,,,,,,,,,,,,,,,,,,,,,,,,,,,,,,,,,,,,,,,,,,,,,,,,,,,,,,,,,,,,,,,,,,,,,,,,,,,,,,,,,,,,,,,,,,,,
https://twitter.com/utk_asc/status/1180151169538113539,2019-10-04T16:02:19+00:00,"Thanks for the shoutout, @lbgary!! https://t.co/wfRqj1u2hP","Thanks for the shoutout, @lbgary!! twitter.com/lbgary/status/‚Ä¶",1180151169538113500,utk_asc,UTK Academic Success Center,148477864,The Academic Success Center supports all undergrads at UTK in their pursuit for academic success. #SuccessVOL,The Academic Success Center supports all undergrads at UTK in their pursuit for academic success. #SuccessVOL,false,2010-05-26T20:16:44+00:00,2190,450,1470,760,25,289,"Knoxville, Tennessee",false,https://studentsuccess.utk.edu/academic-success-center/,https://t.co/Cgvm6MfCJA,https://pbs.twimg.com/profile_images/1271105294798553088/OcdyrOBL_normal.jpg,https://pbs.twimg.com/profile_banners/148477864/1600799563,https://twitter.com/lbgary/status/1180142063918018560,https://t.co/wfRqj1u2hP,0,0,1,0,1180151169538113500,en,"<a href=""http://twitter.com/download/iphone"" rel=""nofollow"">Twitter for iPhone</a>",http://twitter.com/download/iphone,Twitter for iPhone,,,,,,,,,,,,,,,,,,,,,,,,,,,,https://twitter.com/lbgary/status/1180142063918018560,2019-10-04T15:26:08+00:00,"Feeling overwhelmed with work? Grades not what you'd like? @UTCCI @UTJEM students should know that free help from nice people is available. Go sooner, not later. https://t.co/ZUyNR0K5Cd","Feeling overwhelmed with work? Grades not what you'd like? @UTCCI @UTJEM students should know that free help from nice people is available. Go sooner, not later. twitter.com/utk_asc/status‚Ä¶",1180142063918018600,lbgary,Lisa Byerley Gary,14021022,"I'm a native East Tennessean, a writer, teacher and mom. Professionally, I'm a lecturer with the Tennessee School of Journalism and Electronic Media.","I'm a native East Tennessean, a writer, teacher and mom. Professionally, I'm a lecturer with the Tennessee School of Journalism and Electronic Media.",false,2008-02-26T19:12:07+00:00,533,453,3098,6203,22,114,"Knoxville, Tennessee",false,http://mytennesseehome.blogspot.com,http://t.co/rK4MczpADb,https://pbs.twimg.com/profile_images/118647928/LisaMug_normal.jpg,,0,0,2,1,1180142063918018600,en,"<a href=""https://mobile.twitter.com"" rel=""nofollow"">Twitter Web App</a>",https://mobile.twitter.com,Twitter Web App,,,,,,,https://twitter.com/utk_asc/status/1180136215992909825,https://t.co/ZUyNR0K5Cd,,UTCCI,UT College of Communication & Information,76656765,,,,,,,,,,,,,,,,,,lbgary,Lisa Byerley Gary,14021022,,,,,,,,,,,,,,,,,,,,,,,,,,,,,,,,,,,,,,,,,,,,,,,,,,,,,,,,,,,,,,,,,,,,,,,,,,,,,,,,,,,,,,,,,,,,,,,,,,https://twitter.com/utk_asc/status/1180136215992909825,2019-10-04T15:02:54+00:00,Are you ready for midterms? Next week is officially the halfway point in the semester. Come see us if you need help getting ready for upcoming exams!,Are you ready for midterms? Next week is officially the halfway point in the semester. Come see us if you need help getting ready for upcoming exams!,1180136215992909800,utk_asc,UTK Academic Success Center,148477864,The Academic Success Center supports all undergrads at UTK in their pursuit for academic success. #SuccessVOL,The Academic Success Center supports all undergrads at UTK in their pursuit for academic success. #SuccessVOL,false,2010-05-26T20:16:44+00:00,2190,450,1470,760,25,289,"Knoxville, Tennessee",false,https://studentsuccess.utk.edu/academic-success-center/,https://t.co/Cgvm6MfCJA,https://pbs.twimg.com/profile_images/1271105294798553088/OcdyrOBL_normal.jpg,https://pbs.twimg.com/profile_banners/148477864/1600799563,0,1,4,1,1180136215992909800,en,"<a href=""https://mobile.twitter.com"" rel=""nofollow"">Twitter Web App</a>",https://mobile.twitter.com,Twitter Web App,,,,,UTJEM,UTJEM,392783523,,,,,,,,,,,,,,,,,,,,,,,,,,,,,,,
https://twitter.com/utk_asc/status/1180136215992909825,2019-10-04T15:02:54+00:00,Are you ready for midterms? Next week is officially the halfway point in the semester. Come see us if you need help getting ready for upcoming exams!,Are you ready for midterms? Next week is officially the halfway point in the semester. Come see us if you need help getting ready for upcoming exams!,1180136215992909800,utk_asc,UTK Academic Success Center,148477864,The Academic Success Center supports all undergrads at UTK in their pursuit for academic success. #SuccessVOL,The Academic Success Center supports all undergrads at UTK in their pursuit for academic success. #SuccessVOL,false,2010-05-26T20:16:44+00:00,2190,450,1470,760,25,289,"Knoxville, Tennessee",false,https://studentsuccess.utk.edu/academic-success-center/,https://t.co/Cgvm6MfCJA,https://pbs.twimg.com/profile_images/1271105294798553088/OcdyrOBL_normal.jpg,https://pbs.twimg.com/profile_banners/148477864/1600799563,,,0,1,4,1,1180136215992909800,en,"<a href=""https://mobile.twitter.com"" rel=""nofollow"">Twitter Web App</a>",https://mobile.twitter.com,Twitter Web App,,,,,,,,,,,,,,,,,,,,,,,,,,,,,,,,,,,,,,,,,,,,,,,,,,,,,,,,,,,,,,,,,,,,,,,,,,,,,,,,,,,,,,,,,,,,,,,,,,,,,,,,,,,,,,,,,,,,,,,,,,,,,,,,,,,,,,,,,,,,,,,,,,,,,,,,,,,,,,,,,,,,,,,,,,,,,,,,,,,,,,,,,,,,,,,,,,,,,,,,,,,,,,,,,,,,,,,,,,,,,,,,,,,,,,,,,,,,,,,,,,,,,,,,,,,,,,,,,,,,
https://twitter.com/utk_asc/status/1176962742361743361,2019-09-25T20:52:39+00:00,"Have you been in to see an Academic Coach yet this semester?? If not, now is the time! 
Our coaches are full-time professionals at UT that can meet with you one on one to talk about things like time management, study skills, and how to be #successVOL. 
Come see a coach soon! https://t.co/AXkmBge1w4","Have you been in to see an Academic Coach yet this semester?? If not, now is the time! 
Our coaches are full-time professionals at UT that can meet with you one on one to talk about things like time management, study skills, and how to be #successVOL. 
Come see a coach soon! https://t.co/AXkmBge1w4",1176962742361743400,utk_asc,UTK Academic Success Center,148477864,The Academic Success Center supports all undergrads at UTK in their pursuit for academic success. #SuccessVOL,The Academic Success Center supports all undergrads at UTK in their pursuit for academic success. #SuccessVOL,false,2010-05-26T20:16:44+00:00,2190,450,1470,760,25,289,"Knoxville, Tennessee",false,https://studentsuccess.utk.edu/academic-success-center/,https://t.co/Cgvm6MfCJA,https://pbs.twimg.com/profile_images/1271105294798553088/OcdyrOBL_normal.jpg,https://pbs.twimg.com/profile_banners/148477864/1600799563,,,0,0,1,1,1176962742361743400,en,"<a href=""http://twitter.com/download/iphone"" rel=""nofollow"">Twitter for iPhone</a>",http://twitter.com/download/iphone,Twitter for iPhone,https://pbs.twimg.com/media/EFVpX1PUUAAtzH4?format=jpg&name=small,https://pbs.twimg.com/media/EFVpX1PUUAAtzH4?format=jpg&name=large,photo,,,,,,,,,,,,,,,,,,,,,,,,,,,,,,,,,,,,,,,,,,,,,,,,,,,,,,,,,,,,,,,,,,,,,,,,,,,,,,,,,,,,,,,,,,,,,,,,,,,,,,,,,,,,,,,,,,,,,,,,,,,,,,,,,,,,,,,,,,,,,,,,,,,,,,,,,,,,,,,,,,,,,,,,,,,,,,,,,,,,,,,,,,,,,,,,,,,,,,,,,,,,,,,,,,,,,,,,,,,,,,,,,,,,,,,,,,,,,,,,,,,,,,,,,,,,,,,,,
https://twitter.com/utk_asc/status/1175091147993210881,2019-09-20T16:55:36+00:00,We love the update!! Thanks again! https://t.co/AoLDgqVgeT,We love the update!! Thanks again! twitter.com/utkfacserv/sta‚Ä¶,1175091147993211000,utk_asc,UTK Academic Success Center,148477864,The Academic Success Center supports all undergrads at UTK in their pursuit for academic success. #SuccessVOL,The Academic Success Center supports all undergrads at UTK in their pursuit for academic success. #SuccessVOL,false,2010-05-26T20:16:44+00:00,2190,450,1470,760,25,289,"Knoxville, Tennessee",false,https://studentsuccess.utk.edu/academic-success-center/,https://t.co/Cgvm6MfCJA,https://pbs.twimg.com/profile_images/1271105294798553088/OcdyrOBL_normal.jpg,https://pbs.twimg.com/profile_banners/148477864/1600799563,https://twitter.com/utkfacserv/status/1174791141411213315,https://t.co/AoLDgqVgeT,0,0,0,0,1175091147993211000,en,"<a href=""http://twitter.com/download/iphone"" rel=""nofollow"">Twitter for iPhone</a>",http://twitter.com/download/iphone,Twitter for iPhone,,,,,,,,,,,,,,,,,,,,,,,,,,,,https://twitter.com/utkfacserv/status/1174791141411213315,2019-09-19T21:03:29+00:00,"Today, we celebrate the total transformation that has taken place in the lobby of Greve Hall thanks to this crew and their Volunteer First Impressions contest submission. Because of them, this space is much more welcoming! #VolunteerFirstImpressions #UTfacilitiesservices https://t.co/8P9zGNCse7","Today, we celebrate the total transformation that has taken place in the lobby of Greve Hall thanks to this crew and their Volunteer First Impressions contest submission. Because of them, this space is much more welcoming! #VolunteerFirstImpressions #UTfacilitiesservices https://t.co/8P9zGNCse7",1174791141411213300,utkfacserv,Facilities Services,627653144,Facilities Services is responsible for the basic operation and continuous maintenance of the Main and Ag. campuses of The University of Tennessee.,Facilities Services is responsible for the basic operation and continuous maintenance of the Main and Ag. campuses of The University of Tennessee.,false,2012-07-05T19:18:52+00:00,1523,808,2131,1451,17,774,"Knoxville, Tennessee",false,http://fs.utk.edu,http://t.co/V8g3nQQoh6,https://pbs.twimg.com/profile_images/888028843365289984/dtPWUQr0_normal.jpg,https://pbs.twimg.com/profile_banners/627653144/1473861128,0,1,8,2,1174791141411213300,en,"<a href=""http://twitter.com/download/iphone"" rel=""nofollow"">Twitter for iPhone</a>",http://twitter.com/download/iphone,Twitter for iPhone,,,video,,,,,,,,,,,,,,,,,,,,,,,,,,,,,,,,,,,,,,,,,,,,,,,,,,,,,,,,,,,,,,,,,,,,,,,,,,,,,,,,,,,,,,,,,,,,,,,,,,,,,,,,,,,,,,,,,,,,,,,,,,,,,,,,,,,,,,,,,,,,,,,,,,,,,,,,,,,,,,,,,,,,,,,,,,,,,,,,,,,,,,,,https://pbs.twimg.com/ext_tw_video_thumb/1174791051271426048/pu/img/Xl6kumB_RtlI-SKi.jpg,video/mp4,https://video.twimg.com/ext_tw_video/1174791051271426048/pu/vid/720x720/m3ijmXVTlpkhS_5Q.mp4?tag=10,1280000,application/x-mpegURL,https://video.twimg.com/ext_tw_video/1174791051271426048/pu/pl/8blCfJkRTDDrF2fX.m3u8?tag=10,,video/mp4,https://video.twimg.com/ext_tw_video/1174791051271426048/pu/vid/480x480/EabK0pc876fcJld9.mp4?tag=10,832000,video/mp4,https://video.twimg.com/ext_tw_video/1174791051271426048/pu/vid/320x320/G2P13VWsPUOllt-Y.mp4?tag=10,432000,33.433
https://twitter.com/utk_asc/status/1168994468491608064,2019-09-03T21:09:34+00:00,"Time is precious! Are you using yours effectively? üëÄüëÄ

If you need organizing your time, we can help! Make an appointment with a Coach through GradesFirst or by calling us at 865-974-6641. 
#successVOL https://t.co/sGyrZEeNSY","Time is precious! Are you using yours effectively? üëÄüëÄ

If you need organizing your time, we can help! Make an appointment with a Coach through GradesFirst or by calling us at 865-974-6641. 
#successVOL https://t.co/sGyrZEeNSY",1168994468491608000,utk_asc,UTK Academic Success Center,148477864,The Academic Success Center supports all undergrads at UTK in their pursuit for academic success. #SuccessVOL,The Academic Success Center supports all undergrads at UTK in their pursuit for academic success. #SuccessVOL,false,2010-05-26T20:16:44+00:00,2190,450,1470,760,25,289,"Knoxville, Tennessee",false,https://studentsuccess.utk.edu/academic-success-center/,https://t.co/Cgvm6MfCJA,https://pbs.twimg.com/profile_images/1271105294798553088/OcdyrOBL_normal.jpg,https://pbs.twimg.com/profile_banners/148477864/1600799563,,,0,0,3,0,1168994468491608000,en,"<a href=""https://mobile.twitter.com"" rel=""nofollow"">Twitter Web App</a>",https://mobile.twitter.com,Twitter Web App,https://pbs.twimg.com/media/EDkaRVLWsAU-AbN?format=jpg&name=small,https://pbs.twimg.com/media/EDkaRVLWsAU-AbN?format=jpg&name=large,photo,,,,,,,,,,,,,,,,,,,,,,,,,,,,,,,,,,,,,,,,,,,,,,,,,,,,,,,,,,,,,,,,,,,,,,,,,,,,,,,,,,,,,,,,,,,,,,,,,,,,,,,,,,,,,,,,,,,,,,,,,,,,,,,,,,,,,,,,,,,,,,,,,,,,,,,,,,,,,,,,,,,,,,,,,,,,,,,,,,,,,,,,,,,,,,,,,,,,,,,,,,,,,,,,,,,,,,,,,,,,,,,,,,,,,,,,,,,,,,,,,,,,,,,,,,,,,,,,,
https://twitter.com/utk_asc/status/1163924587211567105,2019-08-20T21:23:40+00:00,@skinnyhotmesss We are so glad to have you on Rocky Top!,@skinnyhotmesss We are so glad to have you on Rocky Top!,1163924587211567000,utk_asc,UTK Academic Success Center,148477864,The Academic Success Center supports all undergrads at UTK in their pursuit for academic success. #SuccessVOL,The Academic Success Center supports all undergrads at UTK in their pursuit for academic success. #SuccessVOL,false,2010-05-26T20:16:44+00:00,2190,450,1470,760,25,289,"Knoxville, Tennessee",false,https://studentsuccess.utk.edu/academic-success-center/,https://t.co/Cgvm6MfCJA,https://pbs.twimg.com/profile_images/1271105294798553088/OcdyrOBL_normal.jpg,https://pbs.twimg.com/profile_banners/148477864/1600799563,,,0,0,1,0,1163916674208157700,en,"<a href=""http://twitter.com/download/iphone"" rel=""nofollow"">Twitter for iPhone</a>",http://twitter.com/download/iphone,Twitter for iPhone,,,,,,,,,,,,,,,,,,,,,,,,,,,,,,,,,,,,,,,,,,,,,,,,,,,,,,,,,,,,,,,,,,,,,,,,,,,,,,,,,,,,,,,,,,,,,,,,,,,,,,,,,,,,,,,,,,,,,,,,,,,,,,,,,,,,,,,,,,,,,,,,,,,,,,,,,,,,,,,,,,,,,,,,,,,,,,,,,,,,,,,,,,,,,,,,,,,,,,,,,,,,,,,,,,,,,,,,,,,,,,,,,,,,,,,,,,,,,,,,,,,,,,,,,,,,,,,,,,,,
https://twitter.com/utk_asc/status/1161627465573212162,2019-08-14T13:15:44+00:00,Just one more week until the start of classes!,Just one more week until the start of classes!,1161627465573212200,utk_asc,UTK Academic Success Center,148477864,The Academic Success Center supports all undergrads at UTK in their pursuit for academic success. #SuccessVOL,The Academic Success Center supports all undergrads at UTK in their pursuit for academic success. #SuccessVOL,false,2010-05-26T20:16:44+00:00,2190,450,1470,760,25,289,"Knoxville, Tennessee",false,https://studentsuccess.utk.edu/academic-success-center/,https://t.co/Cgvm6MfCJA,https://pbs.twimg.com/profile_images/1271105294798553088/OcdyrOBL_normal.jpg,https://pbs.twimg.com/profile_banners/148477864/1600799563,,,0,0,4,0,1161627465573212200,en,"<a href=""https://mobile.twitter.com"" rel=""nofollow"">Twitter Web App</a>",https://mobile.twitter.com,Twitter Web App,,,,,,,,,,,,,,,,,,,,,,,,,,,,,,,,,,,,,,,,,,,,,,,,,,,,,,,,,,,,,,,,,,,,,,,,,,,,,,,,,,,,,,,,,,,,,,,,,,,,,,,,,,,,,,,,,,,,,,,,,,,,,,,,,,,,,,,,,,,,,,,,,,,,,,,,,,,,,,,,,,,,,,,,,,,,,,,,,,,,,,,,,,,,,,,,,,,,,,,,,,,,,,,,,,,,,,,,,,,,,,,,,,,,,,,,,,,,,,,,,,,,,,,,,,,,,,,,,,,,
