user/username,url,date,content,renderedContent,id,user/displayname,user/id,user/description,user/rawDescription,user/descriptionUrls/0/text,user/descriptionUrls/0/url,user/descriptionUrls/0/tcourl,user/descriptionUrls/0/indices/0,user/descriptionUrls/0/indices/1,user/verified,user/created,user/followersCount,user/friendsCount,user/statusesCount,user/favouritesCount,user/listedCount,user/mediaCount,user/location,user/protected,user/linkUrl,user/linkTcourl,user/profileImageUrl,user/profileBannerUrl,outlinks/0,outlinks/1,tcooutlinks/0,tcooutlinks/1,replyCount,retweetCount,likeCount,quoteCount,conversationId,lang,source,sourceUrl,sourceLabel,media/0,retweetedTweet,quotedTweet,mentionedUsers/0/username,mentionedUsers/0/displayname,mentionedUsers/0/id,mentionedUsers/0/description,mentionedUsers/0/rawDescription,mentionedUsers/0/descriptionUrls/0,mentionedUsers/0/verified,mentionedUsers/0/created,mentionedUsers/0/followersCount,mentionedUsers/0/friendsCount,mentionedUsers/0/statusesCount,mentionedUsers/0/favouritesCount,mentionedUsers/0/listedCount,mentionedUsers/0/mediaCount,mentionedUsers/0/location,mentionedUsers/0/protected,mentionedUsers/0/linkUrl,mentionedUsers/0/linkTcourl,mentionedUsers/0/profileImageUrl,mentionedUsers/0/profileBannerUrl,mentionedUsers/1/username,mentionedUsers/1/displayname,mentionedUsers/1/id,mentionedUsers/1/description,mentionedUsers/1/rawDescription,mentionedUsers/1/descriptionUrls/0,mentionedUsers/1/verified,mentionedUsers/1/created,mentionedUsers/1/followersCount,mentionedUsers/1/friendsCount,mentionedUsers/1/statusesCount,mentionedUsers/1/favouritesCount,mentionedUsers/1/listedCount,mentionedUsers/1/mediaCount,mentionedUsers/1/location,mentionedUsers/1/protected,mentionedUsers/1/linkUrl,mentionedUsers/1/linkTcourl,mentionedUsers/1/profileImageUrl,mentionedUsers/1/profileBannerUrl,mentionedUsers/2/username,mentionedUsers/2/displayname,mentionedUsers/2/id,mentionedUsers/2/description,mentionedUsers/2/rawDescription,mentionedUsers/2/descriptionUrls/0,mentionedUsers/2/verified,mentionedUsers/2/created,mentionedUsers/2/followersCount,mentionedUsers/2/friendsCount,mentionedUsers/2/statusesCount,mentionedUsers/2/favouritesCount,mentionedUsers/2/listedCount,mentionedUsers/2/mediaCount,mentionedUsers/2/location,mentionedUsers/2/protected,mentionedUsers/2/linkUrl,mentionedUsers/2/linkTcourl,mentionedUsers/2/profileImageUrl,mentionedUsers/2/profileBannerUrl,media/0/previewUrl,media/0/fullUrl,media/0/type,media/0/thumbnailUrl,media/0/variants/0/contentType,media/0/variants/0/url,media/0/variants/0/bitrate,media/0/variants/1/contentType,media/0/variants/1/url,media/0/variants/1/bitrate,media/0/variants/2/contentType,media/0/variants/2/url,media/0/variants/2/bitrate,media/0/variants/3/contentType,media/0/variants/3/url,media/0/variants/3/bitrate,media/0/duration,mentionedUsers/3/username,mentionedUsers/3/displayname,mentionedUsers/3/id,mentionedUsers/3/description,mentionedUsers/3/rawDescription,mentionedUsers/3/descriptionUrls/0,mentionedUsers/3/verified,mentionedUsers/3/created,mentionedUsers/3/followersCount,mentionedUsers/3/friendsCount,mentionedUsers/3/statusesCount,mentionedUsers/3/favouritesCount,mentionedUsers/3/listedCount,mentionedUsers/3/mediaCount,mentionedUsers/3/location,mentionedUsers/3/protected,mentionedUsers/3/linkUrl,mentionedUsers/3/linkTcourl,mentionedUsers/3/profileImageUrl,mentionedUsers/3/profileBannerUrl,mentionedUsers/4/username,mentionedUsers/4/displayname,mentionedUsers/4/id,mentionedUsers/4/description,mentionedUsers/4/rawDescription,mentionedUsers/4/descriptionUrls/0,mentionedUsers/4/verified,mentionedUsers/4/created,mentionedUsers/4/followersCount,mentionedUsers/4/friendsCount,mentionedUsers/4/statusesCount,mentionedUsers/4/favouritesCount,mentionedUsers/4/listedCount,mentionedUsers/4/mediaCount,mentionedUsers/4/location,mentionedUsers/4/protected,mentionedUsers/4/linkUrl,mentionedUsers/4/linkTcourl,mentionedUsers/4/profileImageUrl,mentionedUsers/4/profileBannerUrl,mentionedUsers/5/username,mentionedUsers/5/displayname,mentionedUsers/5/id,mentionedUsers/5/description,mentionedUsers/5/rawDescription,mentionedUsers/5/descriptionUrls/0,mentionedUsers/5/verified,mentionedUsers/5/created,mentionedUsers/5/followersCount,mentionedUsers/5/friendsCount,mentionedUsers/5/statusesCount,mentionedUsers/5/favouritesCount,mentionedUsers/5/listedCount,mentionedUsers/5/mediaCount,mentionedUsers/5/location,mentionedUsers/5/protected,mentionedUsers/5/linkUrl,mentionedUsers/5/linkTcourl,mentionedUsers/5/profileImageUrl,mentionedUsers/5/profileBannerUrl,mentionedUsers/6/username,mentionedUsers/6/displayname,mentionedUsers/6/id,mentionedUsers/6/description,mentionedUsers/6/rawDescription,mentionedUsers/6/descriptionUrls/0,mentionedUsers/6/verified,mentionedUsers/6/created,mentionedUsers/6/followersCount,mentionedUsers/6/friendsCount,mentionedUsers/6/statusesCount,mentionedUsers/6/favouritesCount,mentionedUsers/6/listedCount,mentionedUsers/6/mediaCount,mentionedUsers/6/location,mentionedUsers/6/protected,mentionedUsers/6/linkUrl,mentionedUsers/6/linkTcourl,mentionedUsers/6/profileImageUrl,mentionedUsers/6/profileBannerUrl,mentionedUsers/7/username,mentionedUsers/7/displayname,mentionedUsers/7/id,mentionedUsers/7/description,mentionedUsers/7/rawDescription,mentionedUsers/7/descriptionUrls/0,mentionedUsers/7/verified,mentionedUsers/7/created,mentionedUsers/7/followersCount,mentionedUsers/7/friendsCount,mentionedUsers/7/statusesCount,mentionedUsers/7/favouritesCount,mentionedUsers/7/listedCount,mentionedUsers/7/mediaCount,mentionedUsers/7/location,mentionedUsers/7/protected,mentionedUsers/7/linkUrl,mentionedUsers/7/linkTcourl,mentionedUsers/7/profileImageUrl,mentionedUsers/7/profileBannerUrl,quotedTweet/url,quotedTweet/date,quotedTweet/content,quotedTweet/renderedContent,quotedTweet/id,quotedTweet/user/username,quotedTweet/user/displayname,quotedTweet/user/id,quotedTweet/user/description,quotedTweet/user/rawDescription,quotedTweet/user/verified,quotedTweet/user/created,quotedTweet/user/followersCount,quotedTweet/user/friendsCount,quotedTweet/user/statusesCount,quotedTweet/user/favouritesCount,quotedTweet/user/listedCount,quotedTweet/user/mediaCount,quotedTweet/user/location,quotedTweet/user/protected,quotedTweet/user/linkUrl,quotedTweet/user/linkTcourl,quotedTweet/user/profileImageUrl,quotedTweet/user/profileBannerUrl,quotedTweet/replyCount,quotedTweet/retweetCount,quotedTweet/likeCount,quotedTweet/quoteCount,quotedTweet/conversationId,quotedTweet/lang,quotedTweet/source,quotedTweet/sourceUrl,quotedTweet/sourceLabel,quotedTweet/media/0/previewUrl,quotedTweet/media/0/fullUrl,quotedTweet/media/0/type,quotedTweet/media/1/previewUrl,quotedTweet/media/1/fullUrl,quotedTweet/media/1/type,quotedTweet/media/2/previewUrl,quotedTweet/media/2/fullUrl,quotedTweet/media/2/type,quotedTweet/retweetedTweet,quotedTweet/quotedTweet,quotedTweet/mentionedUsers/0/username,quotedTweet/mentionedUsers/0/displayname,quotedTweet/mentionedUsers/0/id,quotedTweet/mentionedUsers/0/description,quotedTweet/mentionedUsers/0/rawDescription,quotedTweet/mentionedUsers/0/descriptionUrls/0,quotedTweet/mentionedUsers/0/verified,quotedTweet/mentionedUsers/0/created,quotedTweet/mentionedUsers/0/followersCount,quotedTweet/mentionedUsers/0/friendsCount,quotedTweet/mentionedUsers/0/statusesCount,quotedTweet/mentionedUsers/0/favouritesCount,quotedTweet/mentionedUsers/0/listedCount,quotedTweet/mentionedUsers/0/mediaCount,quotedTweet/mentionedUsers/0/location,quotedTweet/mentionedUsers/0/protected,quotedTweet/mentionedUsers/0/linkUrl,quotedTweet/mentionedUsers/0/linkTcourl,quotedTweet/mentionedUsers/0/profileImageUrl,quotedTweet/mentionedUsers/0/profileBannerUrl,mentionedUsers/8/username,mentionedUsers/8/displayname,mentionedUsers/8/id,mentionedUsers/8/description,mentionedUsers/8/rawDescription,mentionedUsers/8/descriptionUrls/0,mentionedUsers/8/verified,mentionedUsers/8/created,mentionedUsers/8/followersCount,mentionedUsers/8/friendsCount,mentionedUsers/8/statusesCount,mentionedUsers/8/favouritesCount,mentionedUsers/8/listedCount,mentionedUsers/8/mediaCount,mentionedUsers/8/location,mentionedUsers/8/protected,mentionedUsers/8/linkUrl,mentionedUsers/8/linkTcourl,mentionedUsers/8/profileImageUrl,mentionedUsers/8/profileBannerUrl,mentionedUsers/9/username,mentionedUsers/9/displayname,mentionedUsers/9/id,mentionedUsers/9/description,mentionedUsers/9/rawDescription,mentionedUsers/9/descriptionUrls/0,mentionedUsers/9/verified,mentionedUsers/9/created,mentionedUsers/9/followersCount,mentionedUsers/9/friendsCount,mentionedUsers/9/statusesCount,mentionedUsers/9/favouritesCount,mentionedUsers/9/listedCount,mentionedUsers/9/mediaCount,mentionedUsers/9/location,mentionedUsers/9/protected,mentionedUsers/9/linkUrl,mentionedUsers/9/linkTcourl,mentionedUsers/9/profileImageUrl,mentionedUsers/9/profileBannerUrl,quotedTweet/media/0/thumbnailUrl,quotedTweet/media/0/variants/0/contentType,quotedTweet/media/0/variants/0/url,quotedTweet/media/0/variants/0/bitrate,quotedTweet/mentionedUsers/1/username,quotedTweet/mentionedUsers/1/displayname,quotedTweet/mentionedUsers/1/id,quotedTweet/mentionedUsers/1/description,quotedTweet/mentionedUsers/1/rawDescription,quotedTweet/mentionedUsers/1/descriptionUrls/0,quotedTweet/mentionedUsers/1/verified,quotedTweet/mentionedUsers/1/created,quotedTweet/mentionedUsers/1/followersCount,quotedTweet/mentionedUsers/1/friendsCount,quotedTweet/mentionedUsers/1/statusesCount,quotedTweet/mentionedUsers/1/favouritesCount,quotedTweet/mentionedUsers/1/listedCount,quotedTweet/mentionedUsers/1/mediaCount,quotedTweet/mentionedUsers/1/location,quotedTweet/mentionedUsers/1/protected,quotedTweet/mentionedUsers/1/linkUrl,quotedTweet/mentionedUsers/1/linkTcourl,quotedTweet/mentionedUsers/1/profileImageUrl,quotedTweet/mentionedUsers/1/profileBannerUrl,quotedTweet/mentionedUsers/2/username,quotedTweet/mentionedUsers/2/displayname,quotedTweet/mentionedUsers/2/id,quotedTweet/mentionedUsers/2/description,quotedTweet/mentionedUsers/2/rawDescription,quotedTweet/mentionedUsers/2/descriptionUrls/0,quotedTweet/mentionedUsers/2/verified,quotedTweet/mentionedUsers/2/created,quotedTweet/mentionedUsers/2/followersCount,quotedTweet/mentionedUsers/2/friendsCount,quotedTweet/mentionedUsers/2/statusesCount,quotedTweet/mentionedUsers/2/favouritesCount,quotedTweet/mentionedUsers/2/listedCount,quotedTweet/mentionedUsers/2/mediaCount,quotedTweet/mentionedUsers/2/location,quotedTweet/mentionedUsers/2/protected,quotedTweet/mentionedUsers/2/linkUrl,quotedTweet/mentionedUsers/2/linkTcourl,quotedTweet/mentionedUsers/2/profileImageUrl,quotedTweet/mentionedUsers/2/profileBannerUrl,quotedTweet/mentionedUsers/3/username,quotedTweet/mentionedUsers/3/displayname,quotedTweet/mentionedUsers/3/id,quotedTweet/mentionedUsers/3/description,quotedTweet/mentionedUsers/3/rawDescription,quotedTweet/mentionedUsers/3/descriptionUrls/0,quotedTweet/mentionedUsers/3/verified,quotedTweet/mentionedUsers/3/created,quotedTweet/mentionedUsers/3/followersCount,quotedTweet/mentionedUsers/3/friendsCount,quotedTweet/mentionedUsers/3/statusesCount,quotedTweet/mentionedUsers/3/favouritesCount,quotedTweet/mentionedUsers/3/listedCount,quotedTweet/mentionedUsers/3/mediaCount,quotedTweet/mentionedUsers/3/location,quotedTweet/mentionedUsers/3/protected,quotedTweet/mentionedUsers/3/linkUrl,quotedTweet/mentionedUsers/3/linkTcourl,quotedTweet/mentionedUsers/3/profileImageUrl,quotedTweet/mentionedUsers/3/profileBannerUrl,mentionedUsers/0
diceyjennings,https://twitter.com/diceyjennings/status/1289344695332556800,2020-07-31T23:38:24+00:00,"@dadakim @ConceptualJames @zackbeauchamp Here is James Stephen Lindsay with a PhD in math from UT Knoxville who goes by Jim and was a massage therapist in 2012 and so seems must be a different person? 

https://t.co/vKriLXzyMr

https://t.co/j7htdYBRde","@dadakim @ConceptualJames @zackbeauchamp Here is James Stephen Lindsay with a PhD in math from UT Knoxville who goes by Jim and was a massage therapist in 2012 and so seems must be a different person? 

trace.tennessee.edu/utk_graddiss/7‚Ä¶

thedailytimes.com/news/maryville‚Ä¶",1289344695332556800,Carolyn Dicey Jennings,1156627022321291300,Associate Professor of Philosophy and Cognitive Science at UC Merced; Author of The Attending Mind with CUP; PI of placementdata.com; tweets my own; she/her,Associate Professor of Philosophy and Cognitive Science at UC Merced; Author of The Attending Mind with CUP; PI of https://t.co/tO8E2mghIC; tweets my own; she/her,placementdata.com,http://placementdata.com,https://t.co/tO8E2mghIC,115.0,138.0,False,2019-07-31T18:05:45+00:00,1194,419,2055,6313,26,331,"Merced, California",False,http://faculty.ucmerced.edu/cjennings3/,https://t.co/iWQoO6R3cS,https://pbs.twimg.com/profile_images/1322958957346840576/9C8clLhb_normal.jpg,https://pbs.twimg.com/profile_banners/1156627022321291265/1604252970,https://trace.tennessee.edu/utk_graddiss/723/,https://www.thedailytimes.com/news/maryville-man-walks-path-of-healing-and-combat/article_5ea3c0ca-2e98-5283-9e59-06861b8588cb.html,https://t.co/vKriLXzyMr,https://t.co/j7htdYBRde,1,0,0,0,1289338097360973800,en,"<a href=""https://mobile.twitter.com"" rel=""nofollow"">Twitter Web App</a>",https://mobile.twitter.com,Twitter Web App,,,,dadakim,kim yi dionne (she/her),14422825.0,,,,,,,,,,,,,,,,,,ConceptualJames,"James Lindsay, making America great",826261914.0,,,,,,,,,,,,,,,,,,zackbeauchamp,Zack Beauchamp,156783075.0,,,,,,,,,,,,,,,,,,,,,,,,,,,,,,,,,,,,,,,,,,,,,,,,,,,,,,,,,,,,,,,,,,,,,,,,,,,,,,,,,,,,,,,,,,,,,,,,,,,,,,,,,,,,,,,,,,,,,,,,,,,,,,,,,,,,,,,,,,,,,,,,,,,,,,,,,,,,,,,,,,,,,,,,,,,,,,,,,,,,,,,,,,,,,,,,,,,,,,,,,,,,,,,,,,,,,,,,,,,,,,,,,,,,,,,,,,,,,,,,,,,,,,,,,,,,,,,,,,,,,,,,,,,,,,,,,,,,,,,,,,,,,,,,,,,,,,,,,,,,,,,
diceyjennings,https://twitter.com/diceyjennings/status/1289338097360973825,2020-07-31T23:12:11+00:00,"Hi @ConceptualJames I have been having a hard time finding where you got your PhD and I can't seem to find any references to it. Can you clarify? It looks like there was a James Lindsay who got his PhD at UT Knoxville, but his middle name is Stephen and he goes by Jim, not James. https://t.co/HOGKJ942q3","Hi @ConceptualJames I have been having a hard time finding where you got your PhD and I can't seem to find any references to it. Can you clarify? It looks like there was a James Lindsay who got his PhD at UT Knoxville, but his middle name is Stephen and he goes by Jim, not James. https://t.co/HOGKJ942q3",1289338097360973800,Carolyn Dicey Jennings,1156627022321291300,Associate Professor of Philosophy and Cognitive Science at UC Merced; Author of The Attending Mind with CUP; PI of placementdata.com; tweets my own; she/her,Associate Professor of Philosophy and Cognitive Science at UC Merced; Author of The Attending Mind with CUP; PI of https://t.co/tO8E2mghIC; tweets my own; she/her,placementdata.com,http://placementdata.com,https://t.co/tO8E2mghIC,115.0,138.0,False,2019-07-31T18:05:45+00:00,1194,419,2055,6313,26,331,"Merced, California",False,http://faculty.ucmerced.edu/cjennings3/,https://t.co/iWQoO6R3cS,https://pbs.twimg.com/profile_images/1322958957346840576/9C8clLhb_normal.jpg,https://pbs.twimg.com/profile_banners/1156627022321291265/1604252970,,,,,4,0,13,3,1289338097360973800,en,"<a href=""https://mobile.twitter.com"" rel=""nofollow"">Twitter Web App</a>",https://mobile.twitter.com,Twitter Web App,,,,ConceptualJames,"James Lindsay, Bd.E.",826261914.0,,,,,,,,,,,,,,,,,,,,,,,,,,,,,,,,,,,,,,,,,,,,,,,,,,,,,,,,,,https://pbs.twimg.com/media/EeSmKozUwAE8h_w?format=png&name=small,https://pbs.twimg.com/media/EeSmKozUwAE8h_w?format=png&name=large,photo,,,,,,,,,,,,,,,,,,,,,,,,,,,,,,,,,,,,,,,,,,,,,,,,,,,,,,,,,,,,,,,,,,,,,,,,,,,,,,,,,,,,,,,,,,,,,,,,,,,,,,,,,,,,,,,,,,,,,,,,,,,,,,,,,,,,,,,,,,,,,,,,,,,,,,,,,,,,,,,,,,,,,,,,,,,,,,,,,,,,,,,,,,,,,,,,,,,,,,,,,,,,,,,,,,,,,,,,,,,,,,,,,,,,,,,,,,,,,,,,,,,,,,,,,,,,,,,,,,,,,,,,,,,,,,,,,,,,,,,,,,,
NOCoEOps,https://twitter.com/NOCoEOps/status/1289320304532054017,2020-07-31T22:01:29+00:00,The future is here. See how students are solving real-world challenges during the #Transportation Tech Tourney at the ITE Virtual Annual Meeting. https://t.co/4XqnbdQ05K #ITE2020 #THISisITS #TSMO @ITEhq @aashtospeaks @IowaStateU @USouthFlorida @FIU @UMich @UTKnoxville @AuburnU https://t.co/RiVF946Bm8,The future is here. See how students are solving real-world challenges during the #Transportation Tech Tourney at the ITE Virtual Annual Meeting. bit.ly/3hTAed3 #ITE2020 #THISisITS #TSMO @ITEhq @aashtospeaks @IowaStateU @USouthFlorida @FIU @UMich @UTKnoxville @AuburnU https://t.co/RiVF946Bm8,1289320304532054000,NOCoE,2990238635,"NOCoE empowers the transportation systems management & operations (#TSMO) community by enhancing knowledge, skills & abilities.","NOCoE empowers the transportation systems management & operations (#TSMO) community by enhancing knowledge, skills & abilities.",,,,,,False,2015-01-21T17:13:25+00:00,750,630,2737,2532,11,813,"Washington, DC",False,http://www.transportationops.org,https://t.co/pmZV5lEw00,https://pbs.twimg.com/profile_images/905823337489850368/IE8BZ5Ew_normal.jpg,https://pbs.twimg.com/profile_banners/2990238635/1504800690,https://bit.ly/3hTAed3,,https://t.co/4XqnbdQ05K,,0,1,4,0,1289320304532054000,en,"<a href=""https://sproutsocial.com"" rel=""nofollow"">Sprout Social</a>",https://sproutsocial.com,Sprout Social,,,,ITEhq,ITE International - Celebrating 90 Years,34346597.0,,,,,,,,,,,,,,,,,,aashtospeaks,AASHTO,117118928.0,,,,,,,,,,,,,,,,,,IowaStateU,Iowa State University,211258879.0,,,,,,,,,,,,,,,,,,,,video,https://pbs.twimg.com/ext_tw_video_thumb/1289320293102768132/pu/img/bNeDUhFKc5ir9sxx.jpg,video/mp4,https://video.twimg.com/ext_tw_video/1289320293102768132/pu/vid/640x360/PD-AyNMjq5zlZhp_.mp4?tag=10,832000.0,application/x-mpegURL,https://video.twimg.com/ext_tw_video/1289320293102768132/pu/pl/fqeaVWFAjLZLMnxi.m3u8?tag=10,,video/mp4,https://video.twimg.com/ext_tw_video/1289320293102768132/pu/vid/1280x720/1Vsp7nvKR-Byh2iK.mp4?tag=10,2176000.0,video/mp4,https://video.twimg.com/ext_tw_video/1289320293102768132/pu/vid/480x270/3RdCWc95dpzmeqWN.mp4?tag=10,256000.0,9.042,USouthFlorida,University of South Florida,39306293.0,,,,,,,,,,,,,,,,,,FIU,FIU,39583267.0,,,,,,,,,,,,,,,,,,UMich,University of Michigan,88836132.0,,,,,,,,,,,,,,,,,,UTKnoxville,UT Knoxville,19773627.0,,,,,,,,,,,,,,,,,,AuburnU,Auburn University,14114564.0,,,,,,,,,,,,,,,,,,,,,,,,,,,,,,,,,,,,,,,,,,,,,,,,,,,,,,,,,,,,,,,,,,,,,,,,,,,,,,,,,,,,,,,,,,,,,,,,,,,,,,,,,,,,,,,,,,,,,,,,,,,,,,,,,,,,,,,,,,,,,,,,,,,,,,,,,,,,,,,,,,,,,,,,,,,,,,,,,,,,,,,,,,
et4vols,https://twitter.com/et4vols/status/1289320222264942595,2020-07-31T22:01:10+00:00,@ResearchUTK @UTKnoxville @GusGoodTimesDel @utkfacserv @UTPublicSafety @UTStudentLife 20 seats in Neyland Stadium LOL üòÇ,@ResearchUTK @UTKnoxville @GusGoodTimesDel @utkfacserv @UTPublicSafety @UTStudentLife 20 seats in Neyland Stadium LOL üòÇ,1289320222264942600,eric taylor,148146863,I love the Tennesse Vols and all those that wear or wore the Orange! Proud to be #VFL!!,I love the Tennesse Vols and all those that wear or wore the Orange! Proud to be #VFL!!,,,,,,False,2010-05-25T23:52:16+00:00,1846,1559,3157,10133,11,184,"Johnson City, TN",False,,,https://pbs.twimg.com/profile_images/1302754907599122433/eDHn-Zzl_normal.jpg,https://pbs.twimg.com/profile_banners/148146863/1412619025,,,,,0,0,1,0,1289282446605693000,en,"<a href=""http://twitter.com/download/iphone"" rel=""nofollow"">Twitter for iPhone</a>",http://twitter.com/download/iphone,Twitter for iPhone,,,,ResearchUTK,UT Research,1020770569.0,,,,,,,,,,,,,,,,,,UTKnoxville,UT Knoxville,19773627.0,,,,,,,,,,,,,,,,,,GusGoodTimesDel,Gus'sGoodTimesDeli,1390198422.0,,,,,,,,,,,,,,,,,,,,,,,,,,,,,,,,,,,utkfacserv,Facilities Services,627653144.0,,,,,,,,,,,,,,,,,,UTPublicSafety,UT Public Safety,1.0072918431036129e+18,,,,,,,,,,,,,,,,,,UTStudentLife,UT Student Life,370864480.0,,,,,,,,,,,,,,,,,,,,,,,,,,,,,,,,,,,,,,,,,,,,,,,,,,,,,,,,,,,,,,,,,,,,,,,,,,,,,,,,,,,,,,,,,,,,,,,,,,,,,,,,,,,,,,,,,,,,,,,,,,,,,,,,,,,,,,,,,,,,,,,,,,,,,,,,,,,,,,,,,,,,,,,,,,,,,,,,,,,,,,,,,,,,,,,,,,,,,,,,,,,,,,,,,,,,,,,,,,,,,,,,,,
JasonBuren,https://twitter.com/JasonBuren/status/1289318775754383360,2020-07-31T21:55:25+00:00,"@AustinRMartin84 @Dev_Duv5 I remember when the other ""UT"" was considered Wide Receiver U. I miss those days in Knoxville.","@AustinRMartin84 @Dev_Duv5 I remember when the other ""UT"" was considered Wide Receiver U. I miss those days in Knoxville.",1289318775754383400,Jason W Van Buren,3298756730,"Lover of all things Fantasy Football and nachos. Atlanta Falcons, University of Tennessee, Boston Celtics, Atlanta Braves, Boston Bruins #SFBX #TechDecks","Lover of all things Fantasy Football and nachos. Atlanta Falcons, University of Tennessee, Boston Celtics, Atlanta Braves, Boston Bruins #SFBX #TechDecks",,,,,,False,2015-07-27T21:55:22+00:00,310,1119,5168,35615,2,815,"Cleveland, TN",False,,,https://pbs.twimg.com/profile_images/1277024503348985856/60qpRffr_normal.jpg,https://pbs.twimg.com/profile_banners/3298756730/1595187745,,,,,0,0,0,0,1289303246419292200,en,"<a href=""http://twitter.com/download/android"" rel=""nofollow"">Twitter for Android</a>",http://twitter.com/download/android,Twitter for Android,,,,AustinRMartin84,Austin,258381571.0,,,,,,,,,,,,,,,,,,Dev_Duv5,Devin Duvernay,293189349.0,,,,,,,,,,,,,,,,,,,,,,,,,,,,,,,,,,,,,,,,,,,,,,,,,,,,,,,,,,,,,,,,,,,,,,,,,,,,,,,,,,,,,,,,,,,,,,,,,,,,,,,,,,,,,,,,,,,,,,,,,,,,,,,,,,,,,,,,,,,,,,,,,,,,,,,,,,,,,,,,,,,,,,,,,,,,,,,,,,,,,,,,,,,,,,,,,,,,,,,,,,,,,,,,,,,,,,,,,,,,,,,,,,,,,,,,,,,,,,,,,,,,,,,,,,,,,,,,,,,,,,,,,,,,,,,,,,,,,,,,,,,,,,,,,,,,,,,,,,,,,,,,,,,,,,,,,,,,,,,,,,,
MrSmith_GMA,https://twitter.com/MrSmith_GMA/status/1289313493116567552,2020-07-31T21:34:25+00:00,Thank you @UTKCEHHS @BaileyGSE_UTK @UTKnoxville for sending them our way! üíö https://t.co/JRYlUUx1z0,Thank you @UTKCEHHS @BaileyGSE_UTK @UTKnoxville for sending them our way! üíö twitter.com/GMASteam/statu‚Ä¶,1289313493116567600,Will Smith,1006891067382345700,"Assistant Principal at Green Magnet Academy, Educator, Child Advocate, Runner, Friend, Partner, Love my family üíö","Assistant Principal at Green Magnet Academy, Educator, Child Advocate, Runner, Friend, Partner, Love my family üíö",,,,,,False,2018-06-13T13:28:32+00:00,326,543,1361,2899,2,346,"Knoxville, TN",False,,,https://pbs.twimg.com/profile_images/1006896705797701632/x-hwiNzL_normal.jpg,https://pbs.twimg.com/profile_banners/1006891067382345728/1564259891,https://twitter.com/GMASteam/status/1289309047250759680,,https://t.co/JRYlUUx1z0,,0,0,7,0,1289313493116567600,en,"<a href=""http://twitter.com/download/iphone"" rel=""nofollow"">Twitter for iPhone</a>",http://twitter.com/download/iphone,Twitter for iPhone,,,,UTKCEHHS,UTK CEHHS,624798049.0,,,,,,,,,,,,,,,,,,BaileyGSE_UTK,UT Bailey GSE,1137690890.0,,,,,,,,,,,,,,,,,,UTKnoxville,UT Knoxville,19773627.0,,,,,,,,,,,,,,,,,,,,,,,,,,,,,,,,,,,,,,,,,,,,,,,,,,,,,,,,,,,,,,,,,,,,,,,,,,,,,,,,,,,,,,,,,,,,,,,,,,,,,,,,,,,,,,,,,,,,,,,,,,,,,,,,,,,,,,,https://twitter.com/GMASteam/status/1289309047250759680,2020-07-31T21:16:45+00:00,"Yesterday we celebrated our three new interns from the UT Urban Multicultural cohort for National Intern Appreciation Day! It is exciting to see them already asking questions, sharing ideas, and stepping up to help wherever they can! We are excited for what they will do @GMASteam https://t.co/8kmwOT01dF","Yesterday we celebrated our three new interns from the UT Urban Multicultural cohort for National Intern Appreciation Day! It is exciting to see them already asking questions, sharing ideas, and stepping up to help wherever they can! We are excited for what they will do @GMASteam https://t.co/8kmwOT01dF",1.2893090472507597e+18,GMASteam,Green Magnet Academy,3397442068.0,,,False,2015-07-31T17:04:07+00:00,922.0,724.0,4249.0,6702.0,25.0,398.0,,False,http://www.knoxschools.org/greenma,https://t.co/FGyQjXCppZ,https://pbs.twimg.com/profile_images/627163159422476289/BVTFZwXe_normal.jpg,https://pbs.twimg.com/profile_banners/3397442068/1533474261,0.0,5.0,22.0,1.0,1.2893090472507597e+18,en,"<a href=""http://twitter.com/download/iphone"" rel=""nofollow"">Twitter for iPhone</a>",http://twitter.com/download/iphone,Twitter for iPhone,https://pbs.twimg.com/media/EeSLuxnWsAYI0zf?format=jpg&name=small,https://pbs.twimg.com/media/EeSLuxnWsAYI0zf?format=jpg&name=large,photo,https://pbs.twimg.com/media/EeSLuxrXoAAqpGh?format=jpg&name=small,https://pbs.twimg.com/media/EeSLuxrXoAAqpGh?format=jpg&name=large,photo,https://pbs.twimg.com/media/EeSLuxyXkAATQzb?format=jpg&name=small,https://pbs.twimg.com/media/EeSLuxyXkAATQzb?format=jpg&name=large,photo,,,GMASteam,Green Magnet Academy,3397442068.0,,,,,,,,,,,,,,,,,,,,,,,,,,,,,,,,,,,,,,,,,,,,,,,,,,,,,,,,,,,,,,,,,,,,,,,,,,,,,,,,,,,,,,,,,,,,,,,,,,,,,,,,,,,,,,,,,,,,,,,,,,
myssissippi,https://twitter.com/myssissippi/status/1289295164062621697,2020-07-31T20:21:35+00:00,"@tjroberts28 @UTPolice @UTKnoxville No, it is a red fox
 Let's not mess with biology.","@tjroberts28 @UTPolice @UTKnoxville No, it is a red fox
 Let's not mess with biology.",1289295164062621700,Melissaüéàü•ã‚òï,583456839,"Follower of Christ (not as good at it as I should be), wife of 25 years, mom of four","Follower of Christ (not as good at it as I should be), wife of 25 years, mom of four",,,,,,False,2012-05-18T02:17:02+00:00,2022,2398,25132,3360,20,1108,,False,,,https://pbs.twimg.com/profile_images/2709518820/6665ae51bb94fa5c87f6966ecf45ebeb_normal.jpeg,https://pbs.twimg.com/profile_banners/583456839/1357787959,,,,,0,0,0,0,1263461035165364200,en,"<a href=""http://twitter.com/download/android"" rel=""nofollow"">Twitter for Android</a>",http://twitter.com/download/android,Twitter for Android,,,,tjroberts28,TJ Rob,7.127979688737464e+17,,,,,,,,,,,,,,,,,,UTPolice,UT Police,27645094.0,,,,,,,,,,,,,,,,,,UTKnoxville,UT Knoxville,19773627.0,,,,,,,,,,,,,,,,,,,,,,,,,,,,,,,,,,,,,,,,,,,,,,,,,,,,,,,,,,,,,,,,,,,,,,,,,,,,,,,,,,,,,,,,,,,,,,,,,,,,,,,,,,,,,,,,,,,,,,,,,,,,,,,,,,,,,,,,,,,,,,,,,,,,,,,,,,,,,,,,,,,,,,,,,,,,,,,,,,,,,,,,,,,,,,,,,,,,,,,,,,,,,,,,,,,,,,,,,,,,,,,,,,,,,,,,,,,,,,,,,,,,,,,,,,,,,,,,,,,,,,,,,,,,,,,,,,,,,,,,,,,,,,,,,,,,,,,,,,,,,,,
NOCoEOps,https://twitter.com/NOCoEOps/status/1289289852425351168,2020-07-31T20:00:29+00:00,"Next gen #TSMO workforce will compete in 3rd Annual #Transportation Technology Tournament on Tuesday, August 4 at 4pm during the ITE Annual Meeting. #ITE2020 #THISisITS https://t.co/4XqnbdQ05K @ITEhq @aashtospeaks @IowaStateU @USouthFlorida @FIU @UMich @UTKnoxville @AuburnU https://t.co/33pWAgtb8K","Next gen #TSMO workforce will compete in 3rd Annual #Transportation Technology Tournament on Tuesday, August 4 at 4pm during the ITE Annual Meeting. #ITE2020 #THISisITS bit.ly/3hTAed3 @ITEhq @aashtospeaks @IowaStateU @USouthFlorida @FIU @UMich @UTKnoxville @AuburnU https://t.co/33pWAgtb8K",1289289852425351200,NOCoE,2990238635,"NOCoE empowers the transportation systems management & operations (#TSMO) community by enhancing knowledge, skills & abilities.","NOCoE empowers the transportation systems management & operations (#TSMO) community by enhancing knowledge, skills & abilities.",,,,,,False,2015-01-21T17:13:25+00:00,750,630,2737,2532,11,813,"Washington, DC",False,http://www.transportationops.org,https://t.co/pmZV5lEw00,https://pbs.twimg.com/profile_images/905823337489850368/IE8BZ5Ew_normal.jpg,https://pbs.twimg.com/profile_banners/2990238635/1504800690,https://bit.ly/3hTAed3,,https://t.co/4XqnbdQ05K,,0,1,6,0,1289289852425351200,en,"<a href=""https://sproutsocial.com"" rel=""nofollow"">Sprout Social</a>",https://sproutsocial.com,Sprout Social,,,,ITEhq,ITE International - Celebrating 90 Years,34346597.0,,,,,,,,,,,,,,,,,,aashtospeaks,AASHTO,117118928.0,,,,,,,,,,,,,,,,,,IowaStateU,Iowa State University,211258879.0,,,,,,,,,,,,,,,,,,,,video,https://pbs.twimg.com/ext_tw_video_thumb/1289289834859724800/pu/img/V8prAciGkzyzvX_z.jpg,video/mp4,https://video.twimg.com/ext_tw_video/1289289834859724800/pu/vid/1280x720/Fp847UTri6dO_qWT.mp4?tag=10,2176000.0,video/mp4,https://video.twimg.com/ext_tw_video/1289289834859724800/pu/vid/480x270/YEECbNuGdCYBMLyj.mp4?tag=10,256000.0,application/x-mpegURL,https://video.twimg.com/ext_tw_video/1289289834859724800/pu/pl/dDHJ5wBDmc3L3yjr.m3u8?tag=10,,video/mp4,https://video.twimg.com/ext_tw_video/1289289834859724800/pu/vid/640x360/D-E4cMwos8Owfvdp.mp4?tag=10,832000.0,5.038,USouthFlorida,University of South Florida,39306293.0,,,,,,,,,,,,,,,,,,FIU,FIU,39583267.0,,,,,,,,,,,,,,,,,,UMich,University of Michigan,88836132.0,,,,,,,,,,,,,,,,,,UTKnoxville,UT Knoxville üéÉ,19773627.0,,,,,,,,,,,,,,,,,,AuburnU,Auburn University,14114564.0,,,,,,,,,,,,,,,,,,,,,,,,,,,,,,,,,,,,,,,,,,,,,,,,,,,,,,,,,,,,,,,,,,,,,,,,,,,,,,,,,,,,,,,,,,,,,,,,,,,,,,,,,,,,,,,,,,,,,,,,,,,,,,,,,,,,,,,,,,,,,,,,,,,,,,,,,,,,,,,,,,,,,,,,,,,,,,,,,,,,,,,,,,
BoithLou,https://twitter.com/BoithLou/status/1289283900041097216,2020-07-31T19:36:50+00:00,"@UTKnoxville Some cinamaphotographer ( is that a word ?) did a great job . Let‚Äôs do education ! We have to move forward , adjust , and do what we do best to show the world, we can do this ! #covid#willnot#beatus","@UTKnoxville Some cinamaphotographer ( is that a word ?) did a great job . Let‚Äôs do education ! We have to move forward , adjust , and do what we do best to show the world, we can do this ! #covid#willnot#beatus",1289283900041097200,mary lou boith,1232857111551500300,UNC BSN grad many moons ago . Beach girl . Married 60+ years to my best friend Bill,UNC BSN grad many moons ago . Beach girl . Married 60+ years to my best friend Bill,,,,,,False,2020-02-27T02:38:00+00:00,25,69,702,1797,0,12,,False,,,https://pbs.twimg.com/profile_images/1232857819612930048/TZWycZhS_normal.jpg,,,,,,0,0,1,0,1289190958853234700,en,"<a href=""http://twitter.com/download/iphone"" rel=""nofollow"">Twitter for iPhone</a>",http://twitter.com/download/iphone,Twitter for iPhone,,,,UTKnoxville,UT Knoxville,19773627.0,,,,,,,,,,,,,,,,,,,,,,,,,,,,,,,,,,,,,,,,,,,,,,,,,,,,,,,,,,,,,,,,,,,,,,,,,,,,,,,,,,,,,,,,,,,,,,,,,,,,,,,,,,,,,,,,,,,,,,,,,,,,,,,,,,,,,,,,,,,,,,,,,,,,,,,,,,,,,,,,,,,,,,,,,,,,,,,,,,,,,,,,,,,,,,,,,,,,,,,,,,,,,,,,,,,,,,,,,,,,,,,,,,,,,,,,,,,,,,,,,,,,,,,,,,,,,,,,,,,,,,,,,,,,,,,,,,,,,,,,,,,,,,,,,,,,,,,,,,,,,,,,,,,,,,,,,,,,,,,,,,,,,,,,,,,,,,,,,,,,,,,
ERStrategies,https://twitter.com/ERStrategies/status/1289281824984666114,2020-07-31T19:28:35+00:00,@UTMcIntyre @TNedu @UTKCEHHS @UTKnoxville @SchwinnTeach @Education_AIR @InstructUP @Gallup @LearningAccel @ed1stconsulting Thanks for having us! Be sure to check out our website for more tools and strategies: https://t.co/YqMfExXBUq,@UTMcIntyre @TNedu @UTKCEHHS @UTKnoxville @SchwinnTeach @Education_AIR @InstructUP @Gallup @LearningAccel @ed1stconsulting Thanks for having us! Be sure to check out our website for more tools and strategies: erstrategies.org/tap,1289281824984666000,Education Resource Strategies,123969783,ERS is a non-profit dedicated to transforming resource allocation in urban school districts so that every school prepares every child for tomorrow.,ERS is a non-profit dedicated to transforming resource allocation in urban school districts so that every school prepares every child for tomorrow.,,,,,,False,2010-03-17T20:29:46+00:00,2547,1634,4707,2004,122,580,"Watertown, MA",False,http://www.erstrategies.org,http://t.co/qnjEkvBPit,https://pbs.twimg.com/profile_images/1175040472168980480/V9bEThWR_normal.jpg,https://pbs.twimg.com/profile_banners/123969783/1601442601,https://www.erstrategies.org/tap,,https://t.co/YqMfExXBUq,,0,0,1,0,1284149748715475000,en,"<a href=""http://twitter.com/download/iphone"" rel=""nofollow"">Twitter for iPhone</a>",http://twitter.com/download/iphone,Twitter for iPhone,,,,UTMcIntyre,Jim McIntyre,268518686.0,,,,,,,,,,,,,,,,,,TNedu,TN Dept of Education,188060534.0,,,,,,,,,,,,,,,,,,UTKCEHHS,UTK CEHHS,624798049.0,,,,,,,,,,,,,,,,,,,,,,,,,,,,,,,,,,,UTKnoxville,UT Knoxville üéÉ,19773627.0,,,,,,,,,,,,,,,,,,SchwinnTeach,Penny Schwinn,138250568.0,,,,,,,,,,,,,,,,,,Education_AIR,AIR Education,45690330.0,,,,,,,,,,,,,,,,,,InstructUP,Instruction Partners,7.58693966711849e+17,,,,,,,,,,,,,,,,,,Gallup,Gallup,546029429.0,,,,,,,,,,,,,,,,,,,,,,,,,,,,,,,,,,,,,,,,,,,,,,,,,,,,,,,,,,,,,,,,,,,,,,,,,,,,,,,,,,LearningAccel,The Learning Accelerator,1206262394.0,,,,,,,,,,,,,,,,,,ed1stconsulting,Education First,177388461.0,,,,,,,,,,,,,,,,,,,,,,,,,,,,,,,,,,,,,,,,,,,,,,,,,,,,,,,,,,,,,,,,,,,,,,,,,,,,,,,,,,
wcsWMSmml,https://twitter.com/wcsWMSmml/status/1289277657847230464,2020-07-31T19:12:01+00:00,"WMS welcomes Kelly Stewart, our new Social Worker. She graduated from @UTChattanooga w/a BA in Psychology, @UTKnoxville w/a Masters in Social Work &amp; @SWBTS w/her M.A. She enjoys exercising, cooking, &amp; family time. Her favorite restaurant is Wild Ginger.#welcometowoodland @wcsWMS https://t.co/vxQcUzQFui","WMS welcomes Kelly Stewart, our new Social Worker. She graduated from @UTChattanooga w/a BA in Psychology, @UTKnoxville w/a Masters in Social Work &amp; @SWBTS w/her M.A. She enjoys exercising, cooking, &amp; family time. Her favorite restaurant is Wild Ginger.#welcometowoodland @wcsWMS https://t.co/vxQcUzQFui",1289277657847230500,Mrs. Leake,1220806027962130400,"Instructional Literacy Coach, Wife, Mom, Nana- loves working with teachers and students in the area of literacy and writing- difference maker.","Instructional Literacy Coach, Wife, Mom, Nana- loves working with teachers and students in the area of literacy and writing- difference maker.",,,,,,False,2020-01-24T20:30:38+00:00,66,153,227,576,1,70,"Tennessee, USA",False,,,https://pbs.twimg.com/profile_images/1220806640750006272/HG3OLZHk_normal.jpg,https://pbs.twimg.com/profile_banners/1220806027962130432/1579900200,,,,,2,1,10,0,1289277657847230500,en,"<a href=""http://twitter.com/download/iphone"" rel=""nofollow"">Twitter for iPhone</a>",http://twitter.com/download/iphone,Twitter for iPhone,,,,UTChattanooga,UTChattanooga,108651709.0,,,,,,,,,,,,,,,,,,UTKnoxville,UT Knoxville,19773627.0,,,,,,,,,,,,,,,,,,SWBTS,Southwestern Seminary,21004161.0,,,,,,,,,,,,,,,,,,https://pbs.twimg.com/media/EeRvMdlWoAAaIGR?format=jpg&name=small,https://pbs.twimg.com/media/EeRvMdlWoAAaIGR?format=jpg&name=large,photo,,,,,,,,,,,,,,,wcsWMS,Woodland Middle,3459219580.0,,,,,,,,,,,,,,,,,,,,,,,,,,,,,,,,,,,,,,,,,,,,,,,,,,,,,,,,,,,,,,,,,,,,,,,,,,,,,,,,,,,,,,,,,,,,,,,,,,,,,,,,,,,,,,,,,,,,,,,,,,,,,,,,,,,,,,,,,,,,,,,,,,,,,,,,,,,,,,,,,,,,,,,,,,,,,,,,,,,,,,,,,,,,,,,,,,,,,,,,,,,,,,,,,,,,,,,,,,,,,,,,,,,,,,,,,,,,,,,,,,,,,,,,,,,,,,,,,,,,,,,,,,
T_Kratofil,https://twitter.com/T_Kratofil/status/1289274399422480384,2020-07-31T18:59:05+00:00,@NOCoEOps @ITEhq @aashtospeaks @IowaStateU @USouthFlorida @FIU @UMich @UTKnoxville @AuburnU Thrilled to be a judge this year!  Cant‚Äôt wait to see the students‚Äô presentations and #TSMO solutions to real world challenges!,@NOCoEOps @ITEhq @aashtospeaks @IowaStateU @USouthFlorida @FIU @UMich @UTKnoxville @AuburnU Thrilled to be a judge this year!  Cant‚Äôt wait to see the students‚Äô presentations and #TSMO solutions to real world challenges!,1289274399422480400,Tony Kratofil,21404383,Chief Engineer & Chief Operations Officer for Michigan DOT. These are my own tweets and not official statements from MDOT. Michigan Man - Let's Go Blue!,Chief Engineer & Chief Operations Officer for Michigan DOT. These are my own tweets and not official statements from MDOT. Michigan Man - Let's Go Blue!,,,,,,False,2009-02-20T15:21:06+00:00,464,425,2285,1202,17,258,,False,,,https://pbs.twimg.com/profile_images/1034863011784212485/4HEAm9iZ_normal.jpg,https://pbs.twimg.com/profile_banners/21404383/1535565773,,,,,0,1,2,0,1289238162837889000,en,"<a href=""http://twitter.com/download/iphone"" rel=""nofollow"">Twitter for iPhone</a>",http://twitter.com/download/iphone,Twitter for iPhone,,,,NOCoEOps,NOCoE,2990238635.0,,,,,,,,,,,,,,,,,,ITEhq,ITE International - Celebrating 90 Years,34346597.0,,,,,,,,,,,,,,,,,,aashtospeaks,AASHTO,117118928.0,,,,,,,,,,,,,,,,,,,,,,,,,,,,,,,,,,,IowaStateU,Iowa State University,211258879.0,,,,,,,,,,,,,,,,,,USouthFlorida,University of South Florida,39306293.0,,,,,,,,,,,,,,,,,,FIU,FIU,39583267.0,,,,,,,,,,,,,,,,,,UMich,University of Michigan,88836132.0,,,,,,,,,,,,,,,,,,UTKnoxville,UT Knoxville,19773627.0,,,,,,,,,,,,,,,,,,,,,,,,,,,,,,,,,,,,,,,,,,,,,,,,,,,,,,,,,,,,,,,,,,,,,,,,,,,,,,,,,,AuburnU,Auburn University,14114564.0,,,,,,,,,,,,,,,,,,,,,,,,,,,,,,,,,,,,,,,,,,,,,,,,,,,,,,,,,,,,,,,,,,,,,,,,,,,,,,,,,,,,,,,,,,,,,,,,,,,,,,
SturgeonRocket,https://twitter.com/SturgeonRocket/status/1289269607497207808,2020-07-31T18:40:02+00:00,@nmarchio @JHWeissmann Kind of like UT Knoxville and ORNL?,@nmarchio @JHWeissmann Kind of like UT Knoxville and ORNL?,1289269607497207800,Rocket_sturgeon,1088968483839397900,Anon-ish,Anon-ish,,,,,,False,2019-01-26T01:14:53+00:00,15,144,195,470,0,17,,False,,,https://pbs.twimg.com/profile_images/1272389234033393664/347CNWp-_normal.jpg,https://pbs.twimg.com/profile_banners/1088968483839397888/1592197203,,,,,1,0,1,0,1289024017215688700,en,"<a href=""http://twitter.com/download/android"" rel=""nofollow"">Twitter for Android</a>",http://twitter.com/download/android,Twitter for Android,,,,nmarchio,Nicholas Marchio,1.3216536876269322e+18,,,,,,,,,,,,,,,,,,JHWeissmann,Jordan Weissmann,47526275.0,,,,,,,,,,,,,,,,,,,,,,,,,,,,,,,,,,,,,,,,,,,,,,,,,,,,,,,,,,,,,,,,,,,,,,,,,,,,,,,,,,,,,,,,,,,,,,,,,,,,,,,,,,,,,,,,,,,,,,,,,,,,,,,,,,,,,,,,,,,,,,,,,,,,,,,,,,,,,,,,,,,,,,,,,,,,,,,,,,,,,,,,,,,,,,,,,,,,,,,,,,,,,,,,,,,,,,,,,,,,,,,,,,,,,,,,,,,,,,,,,,,,,,,,,,,,,,,,,,,,,,,,,,,,,,,,,,,,,,,,,,,,,,,,,,,,,,,,,,,,,,,,,,,,,,,,,,,,,,,,,,,
welchsuggs,https://twitter.com/welchsuggs/status/1289266057392209921,2020-07-31T18:25:56+00:00,"This week's update on #COVID19 in @SEC country:

* Massive uptick in Mississippi. What's going on, @nicksuss?

* 80% rise in a week in CoMo (@Mizzou), 41% in Fayette Co, KY (@universityofky), 23% in Knox Co, TN (@UTKnoxville)   

Full-size: https://t.co/PhjLy7D2UI https://t.co/6Gu1CAOfAJ","This week's update on #COVID19 in @SEC country:

* Massive uptick in Mississippi. What's going on, @nicksuss?

* 80% rise in a week in CoMo (@Mizzou), 41% in Fayette Co, KY (@universityofky), 23% in Knox Co, TN (@UTKnoxville)   

Full-size: datawrapper.dwcdn.net/Nsdbx/6/ https://t.co/6Gu1CAOfAJ",1289266057392210000,ùöÜùöéùöïùöåùöë ùöÇùöûùöêùöêùöú,14326426,"Storytelling in sports & education. I teach journalism + sports media @universityofga. Alum @RhodesCollege, @sbjsbd, @chronicle, @uga_ihe. He/him; ally to all.","Storytelling in sports & education. I teach journalism + sports media @universityofga. Alum @RhodesCollege, @sbjsbd, @chronicle, @uga_ihe. He/him; ally to all.",,,,,,False,2008-04-07T20:07:31+00:00,2000,3080,7910,3330,77,687,"Athens, GA",False,http://welchsuggs.com,https://t.co/LGLPtEVZNk,https://pbs.twimg.com/profile_images/1218985144327032833/95LnljMX_normal.jpg,https://pbs.twimg.com/profile_banners/14326426/1432505442,https://datawrapper.dwcdn.net/Nsdbx/6/,,https://t.co/PhjLy7D2UI,,1,0,0,1,1289266057392210000,en,"<a href=""https://mobile.twitter.com"" rel=""nofollow"">Twitter Web App</a>",https://mobile.twitter.com,Twitter Web App,,,,SEC,Southeastern Conference,16807883.0,,,,,,,,,,,,,,,,,,nicksuss,Nick Suss,1617752910.0,,,,,,,,,,,,,,,,,,Mizzou,Mizzou,23620660.0,,,,,,,,,,,,,,,,,,https://pbs.twimg.com/media/EeRgEUKX0AE8An0?format=png&name=small,https://pbs.twimg.com/media/EeRgEUKX0AE8An0?format=png&name=large,photo,,,,,,,,,,,,,,,universityofky,#MaskUpCats,34323121.0,,,,,,,,,,,,,,,,,,UTKnoxville,UT Knoxville,19773627.0,,,,,,,,,,,,,,,,,,,,,,,,,,,,,,,,,,,,,,,,,,,,,,,,,,,,,,,,,,,,,,,,,,,,,,,,,,,,,,,,,,,,,,,,,,,,,,,,,,,,,,,,,,,,,,,,,,,,,,,,,,,,,,,,,,,,,,,,,,,,,,,,,,,,,,,,,,,,,,,,,,,,,,,,,,,,,,,,,,,,,,,,,,,,,,,,,,,,,,,,,,,,,,,,,,,,,,,,,,,,,,,,,,,,,,,,,,,,,,,,,,,,,,
Loveamirite,https://twitter.com/Loveamirite/status/1289265939788075009,2020-07-31T18:25:28+00:00,@UTKnoxville @_MatthewBaird @UTKnoxville have you updated your reply yet?,@UTKnoxville @_MatthewBaird @UTKnoxville have you updated your reply yet?,1289265939788075000,Trying to think positively but lmao it's 2020,1117629300461715500,"They/them, BLM.üíó‚úäüèø‚úäüèΩ‚úäüèæüëèüèæüëèüèΩüëèüèºüëèüèæ ‚ùå‚ôÄÔ∏è‚ùå‚ôÇÔ∏è| Makko from LOK is a horribly written character ‚ò∫","They/them, BLM.üíó‚úäüèø‚úäüèΩ‚úäüèæüëèüèæüëèüèΩüëèüèºüëèüèæ ‚ùå‚ôÄÔ∏è‚ùå‚ôÇÔ∏è| Makko from LOK is a horribly written character ‚ò∫",,,,,,False,2019-04-15T03:22:44+00:00,167,368,5025,21533,0,19,Nowhere you'd know,False,,,https://pbs.twimg.com/profile_images/1292467372771749894/4bCoQG-Y_normal.jpg,https://pbs.twimg.com/profile_banners/1117629300461715456/1599544074,,,,,0,0,4,0,1288674694464503800,en,"<a href=""https://mobile.twitter.com"" rel=""nofollow"">Twitter Web App</a>",https://mobile.twitter.com,Twitter Web App,,,,UTKnoxville,UT Knoxville,19773627.0,,,,,,,,,,,,,,,,,,_MatthewBaird,matt,2257451185.0,,,,,,,,,,,,,,,,,,UTKnoxville,UT Knoxville,19773627.0,,,,,,,,,,,,,,,,,,,,,,,,,,,,,,,,,,,,,,,,,,,,,,,,,,,,,,,,,,,,,,,,,,,,,,,,,,,,,,,,,,,,,,,,,,,,,,,,,,,,,,,,,,,,,,,,,,,,,,,,,,,,,,,,,,,,,,,,,,,,,,,,,,,,,,,,,,,,,,,,,,,,,,,,,,,,,,,,,,,,,,,,,,,,,,,,,,,,,,,,,,,,,,,,,,,,,,,,,,,,,,,,,,,,,,,,,,,,,,,,,,,,,,,,,,,,,,,,,,,,,,,,,,,,,,,,,,,,,,,,,,,,,,,,,,,,,,,,,,,,,,,
HumanitiesTN,https://twitter.com/HumanitiesTN/status/1289248034593726467,2020-07-31T17:14:19+00:00,"Congratulations to three organizations in Tennessee who will receive nearly $300,000 in grants from @NEHgov to support humanities projects. @friendsofknoxcountylibrary @UTKnoxville @RhodesCollege https://t.co/1P3khOZspW https://t.co/Xe5F3ZDzw1","Congratulations to three organizations in Tennessee who will receive nearly $300,000 in grants from @NEHgov to support humanities projects. @friendsofknoxcountylibrary @UTKnoxville @RhodesCollege buff.ly/2Evisym https://t.co/Xe5F3ZDzw1",1289248034593726500,Humanities Tennessee,14661722,"We are a nonprofit organization dedicated to fostering a sense of history, civility, and community among Tennesseans through public programs and grants.","We are a nonprofit organization dedicated to fostering a sense of history, civility, and community among Tennesseans through public programs and grants.",,,,,,False,2008-05-05T16:56:27+00:00,1421,301,904,386,55,533,"Nashville, TN USA",False,http://www.HumTN.org,https://t.co/G9ZaTDecvw,https://pbs.twimg.com/profile_images/1058410508829814784/lS04LrRJ_normal.jpg,https://pbs.twimg.com/profile_banners/14661722/1591218105,https://buff.ly/2Evisym,,https://t.co/1P3khOZspW,,0,1,4,0,1289248034593726500,en,"<a href=""https://buffer.com"" rel=""nofollow"">Buffer</a>",https://buffer.com,Buffer,,,,NEHgov,NEH,155987003.0,,,,,,,,,,,,,,,,,,UTKnoxville,UT Knoxville,19773627.0,,,,,,,,,,,,,,,,,,RhodesCollege,Rhodes College,33943616.0,,,,,,,,,,,,,,,,,,https://pbs.twimg.com/media/EeRUQUvX0AAx4zP?format=jpg&name=small,https://pbs.twimg.com/media/EeRUQUvX0AAx4zP?format=jpg&name=large,photo,,,,,,,,,,,,,,,,,,,,,,,,,,,,,,,,,,,,,,,,,,,,,,,,,,,,,,,,,,,,,,,,,,,,,,,,,,,,,,,,,,,,,,,,,,,,,,,,,,,,,,,,,,,,,,,,,,,,,,,,,,,,,,,,,,,,,,,,,,,,,,,,,,,,,,,,,,,,,,,,,,,,,,,,,,,,,,,,,,,,,,,,,,,,,,,,,,,,,,,,,,,,,,,,,,,,,,,,,,,,,,,,,,,,,,,,,,,,,,,,,,,,,,,,,,,,,,,,,,,,,,,,,,,,,,,,,,,,,,,,,,,
SportsSourceTV,https://twitter.com/SportsSourceTV/status/1289246681326788609,2020-07-31T17:08:56+00:00,"#Vols football is coming &amp; we‚Äôll be talking all about it Sunday with:

Knoxville‚Äôs most-connected reporter, @JimmyHyams 

UT Superfan, @ChuckCavalaris

And we‚Äôll get a different perspective from former D1 athlete and coach, @MarkPancratz 

11am, Sunday, WATE-TV 6, Facebook Live! https://t.co/PukLTtjslS","#Vols football is coming &amp; we‚Äôll be talking all about it Sunday with:

Knoxville‚Äôs most-connected reporter, @JimmyHyams 

UT Superfan, @ChuckCavalaris

And we‚Äôll get a different perspective from former D1 athlete and coach, @MarkPancratz 

11am, Sunday, WATE-TV 6, Facebook Live! https://t.co/PukLTtjslS",1289246681326788600,The Sports Source,785627041,"Official Twitter feed of John Pennington, host of Knoxville's top-rated sports talk show. ""All empty souls tend to extreme opinions."" - WB Yeats","Official Twitter feed of John Pennington, host of Knoxville's top-rated sports talk show. ""All empty souls tend to extreme opinions."" - WB Yeats",,,,,,False,2012-08-27T22:32:22+00:00,5792,272,39862,14648,63,4038,"Knoxville, TN",False,http://sportssource.tv,https://t.co/3rPfJcD8EK,https://pbs.twimg.com/profile_images/1168046118598365184/mgBHIUMF_normal.jpg,https://pbs.twimg.com/profile_banners/785627041/1567318352,,,,,1,1,6,0,1289246681326788600,en,"<a href=""http://twitter.com/download/iphone"" rel=""nofollow"">Twitter for iPhone</a>",http://twitter.com/download/iphone,Twitter for iPhone,,,,JimmyHyams,Jimmy Hyams,189679739.0,,,,,,,,,,,,,,,,,,ChuckCavalaris,Chuck Cavalaris,1201876807.0,,,,,,,,,,,,,,,,,,MarkPancratz,Mark Pancratz,38667143.0,,,,,,,,,,,,,,,,,,,,gif,https://pbs.twimg.com/tweet_video_thumb/EeRTBUGWoAA2NwA.jpg,video/mp4,https://video.twimg.com/tweet_video/EeRTBUGWoAA2NwA.mp4,,,,,,,,,,,,,,,,,,,,,,,,,,,,,,,,,,,,,,,,,,,,,,,,,,,,,,,,,,,,,,,,,,,,,,,,,,,,,,,,,,,,,,,,,,,,,,,,,,,,,,,,,,,,,,,,,,,,,,,,,,,,,,,,,,,,,,,,,,,,,,,,,,,,,,,,,,,,,,,,,,,,,,,,,,,,,,,,,,,,,,,,,,,,,,,,,,,,,,,,,,,,,,,,,,,,,,,,,,,,,,,,,,,,,,,,,,,,,,,,,,,,,,,,,,,,,,,,,,,,,,,,,,,,,,,,,,,,,,,,
JimmyHyams,https://twitter.com/JimmyHyams/status/1289244033290706944,2020-07-31T16:58:25+00:00,"Today SportsTalk @SportsRadioWNML will be at Food City, 7608 Mtn. Grove Dr., Knoxville, for Big Tix qualifying. Updated guest list: Jesse Smithey @5StarPreps (3:35) Dave Nathan on ACC (4:05) UT baseball coach Tony Vitello (4:35) UT AD Phillip Fulmer (5:05) VFL Steve Hamer (6:35).","Today SportsTalk @SportsRadioWNML will be at Food City, 7608 Mtn. Grove Dr., Knoxville, for Big Tix qualifying. Updated guest list: Jesse Smithey @5StarPreps (3:35) Dave Nathan on ACC (4:05) UT baseball coach Tony Vitello (4:35) UT AD Phillip Fulmer (5:05) VFL Steve Hamer (6:35).",1289244033290707000,Jimmy Hyams,189679739,Afternoon Host of SportsTalk on @SportsRadioWNML 3-7 pm ET,Afternoon Host of SportsTalk on @SportsRadioWNML 3-7 pm ET,,,,,,False,2010-09-11T23:02:46+00:00,59065,1087,8344,20,504,161,"Knoxville, TN",False,http://www.sportsradiownml.com/category/blogs/blog-jimmy-hyams-blog/,https://t.co/jyWppjQua7,https://pbs.twimg.com/profile_images/801095526259322880/-lUDfpqX_normal.jpg,https://pbs.twimg.com/profile_banners/189679739/1479831076,,,,,0,1,3,0,1289244033290707000,en,"<a href=""https://mobile.twitter.com"" rel=""nofollow"">Twitter Web App</a>",https://mobile.twitter.com,Twitter Web App,,,,SportsRadioWNML,99.1 The Sports Animal,35842918.0,,,,,,,,,,,,,,,,,,5StarPreps,5Star Preps,1194962054.0,,,,,,,,,,,,,,,,,,,,,,,,,,,,,,,,,,,,,,,,,,,,,,,,,,,,,,,,,,,,,,,,,,,,,,,,,,,,,,,,,,,,,,,,,,,,,,,,,,,,,,,,,,,,,,,,,,,,,,,,,,,,,,,,,,,,,,,,,,,,,,,,,,,,,,,,,,,,,,,,,,,,,,,,,,,,,,,,,,,,,,,,,,,,,,,,,,,,,,,,,,,,,,,,,,,,,,,,,,,,,,,,,,,,,,,,,,,,,,,,,,,,,,,,,,,,,,,,,,,,,,,,,,,,,,,,,,,,,,,,,,,,,,,,,,,,,,,,,,,,,,,,,,,,,,,,,,,,,,,,,,,
DrFacts2,https://twitter.com/DrFacts2/status/1289243970090893312,2020-07-31T16:58:10+00:00,@UTKnoxville is making an absolute joke and embarrassment of themselves. Full price for out of state tuition ?! This isn‚Äôt a prestigious school we‚Äôre talking about here .... cmon,@UTKnoxville is making an absolute joke and embarrassment of themselves. Full price for out of state tuition ?! This isn‚Äôt a prestigious school we‚Äôre talking about here .... cmon,1289243970090893300,Dr. Facts,1275093741750149000,I only speak the truth and things from a realistic stand point. Truth will offend the left,I only speak the truth and things from a realistic stand point. Truth will offend the left,,,,,,False,2020-06-22T15:50:21+00:00,3,2,72,42,0,1,,False,,,https://abs.twimg.com/sticky/default_profile_images/default_profile_normal.png,,,,,,0,0,0,0,1289243970090893300,en,"<a href=""http://twitter.com/download/iphone"" rel=""nofollow"">Twitter for iPhone</a>",http://twitter.com/download/iphone,Twitter for iPhone,,,,UTKnoxville,UT Knoxville,19773627.0,,,,,,,,,,,,,,,,,,,,,,,,,,,,,,,,,,,,,,,,,,,,,,,,,,,,,,,,,,,,,,,,,,,,,,,,,,,,,,,,,,,,,,,,,,,,,,,,,,,,,,,,,,,,,,,,,,,,,,,,,,,,,,,,,,,,,,,,,,,,,,,,,,,,,,,,,,,,,,,,,,,,,,,,,,,,,,,,,,,,,,,,,,,,,,,,,,,,,,,,,,,,,,,,,,,,,,,,,,,,,,,,,,,,,,,,,,,,,,,,,,,,,,,,,,,,,,,,,,,,,,,,,,,,,,,,,,,,,,,,,,,,,,,,,,,,,,,,,,,,,,,,,,,,,,,,,,,,,,,,,,,,,,,,,,,,,,,,,,,,,,,
RehabKingXbox,https://twitter.com/RehabKingXbox/status/1289243732756267008,2020-07-31T16:57:13+00:00,@UTKnoxville Thank you for the reply.,@UTKnoxville Thank you for the reply.,1289243732756267000,Rehab King üò∑ = ‚ù§Ô∏è,259563945,,,,,,,,False,2011-03-02T04:17:10+00:00,171,1000,13163,9913,9,367,Chernarus,False,,,https://pbs.twimg.com/profile_images/1274953959585787905/CGdgyE26_normal.jpg,https://pbs.twimg.com/profile_banners/259563945/1592807772,,,,,0,0,1,0,1289190958853234700,en,"<a href=""http://twitter.com/download/iphone"" rel=""nofollow"">Twitter for iPhone</a>",http://twitter.com/download/iphone,Twitter for iPhone,,,,UTKnoxville,UT Knoxville,19773627.0,,,,,,,,,,,,,,,,,,,,,,,,,,,,,,,,,,,,,,,,,,,,,,,,,,,,,,,,,,,,,,,,,,,,,,,,,,,,,,,,,,,,,,,,,,,,,,,,,,,,,,,,,,,,,,,,,,,,,,,,,,,,,,,,,,,,,,,,,,,,,,,,,,,,,,,,,,,,,,,,,,,,,,,,,,,,,,,,,,,,,,,,,,,,,,,,,,,,,,,,,,,,,,,,,,,,,,,,,,,,,,,,,,,,,,,,,,,,,,,,,,,,,,,,,,,,,,,,,,,,,,,,,,,,,,,,,,,,,,,,,,,,,,,,,,,,,,,,,,,,,,,,,,,,,,,,,,,,,,,,,,,,,,,,,,,,,,,,,,,,,,,
shawneescissom,https://twitter.com/shawneescissom/status/1289241871521210368,2020-07-31T16:49:49+00:00,"@RehabKingXbox @UTKnoxville Hopefully, if there‚Äôs no top, it‚Äôs not a building, so pack ‚Äòem in! https://t.co/Tjg4LZFBVm","@RehabKingXbox @UTKnoxville Hopefully, if there‚Äôs no top, it‚Äôs not a building, so pack ‚Äòem in! https://t.co/Tjg4LZFBVm",1289241871521210400,ShawneeüéÄ,26400715,UT Alum ‚Äò13. Sarcasm extraordinaire. Pain in the ass. Fluent in dirty words. Rocky Top wooer. Vols. Braves. Preds. Carolina Basketball.,UT Alum ‚Äò13. Sarcasm extraordinaire. Pain in the ass. Fluent in dirty words. Rocky Top wooer. Vols. Braves. Preds. Carolina Basketball.,,,,,,False,2009-03-25T02:11:35+00:00,1323,1447,30412,19874,5,2903,Tennessee,False,,,https://pbs.twimg.com/profile_images/1268169925522325504/qXUMI_R2_normal.jpg,https://pbs.twimg.com/profile_banners/26400715/1599448339,,,,,0,0,0,0,1289190958853234700,en,"<a href=""http://twitter.com/download/iphone"" rel=""nofollow"">Twitter for iPhone</a>",http://twitter.com/download/iphone,Twitter for iPhone,,,,RehabKingXbox,Rehab King üò∑ = ‚ù§Ô∏è,259563945.0,,,,,,,,,,,,,,,,,,UTKnoxville,UT Knoxville,19773627.0,,,,,,,,,,,,,,,,,,,,,,,,,,,,,,,,,,,,,,,,gif,https://pbs.twimg.com/tweet_video_thumb/EeROpCRXsAQliLP.jpg,video/mp4,https://video.twimg.com/tweet_video/EeROpCRXsAQliLP.mp4,,,,,,,,,,,,,,,,,,,,,,,,,,,,,,,,,,,,,,,,,,,,,,,,,,,,,,,,,,,,,,,,,,,,,,,,,,,,,,,,,,,,,,,,,,,,,,,,,,,,,,,,,,,,,,,,,,,,,,,,,,,,,,,,,,,,,,,,,,,,,,,,,,,,,,,,,,,,,,,,,,,,,,,,,,,,,,,,,,,,,,,,,,,,,,,,,,,,,,,,,,,,,,,,,,,,,,,,,,,,,,,,,,,,,,,,,,,,,,,,,,,,,,,,,,,,,,,,,,,,,,,,,,,,,,,,,,,,,,,,
auselton,https://twitter.com/auselton/status/1289240820755750912,2020-07-31T16:45:39+00:00,"@StirThePot37 @SusieStamey @_MatthewBaird @UTKnoxville I have two students, $300 each per sememster. I‚Äôm floating @UTKnoxville a $1,200 interest free loan until May 2021. Kids taking out student loans to pay that fee are also paying future interest, so ü§∑üèª‚Äç‚ôÄÔ∏è","@StirThePot37 @SusieStamey @_MatthewBaird @UTKnoxville I have two students, $300 each per sememster. I‚Äôm floating @UTKnoxville a $1,200 interest free loan until May 2021. Kids taking out student loans to pay that fee are also paying future interest, so ü§∑üèª‚Äç‚ôÄÔ∏è",1289240820755751000,Andrea,60172127,Be kind. AND WEAR A MASK üò∑,Be kind. AND WEAR A MASK üò∑,,,,,,False,2009-07-25T23:02:56+00:00,96,538,730,4702,1,18,Knoxville,False,,,https://pbs.twimg.com/profile_images/1296465084315766787/xWLVn0c5_normal.jpg,https://pbs.twimg.com/profile_banners/60172127/1595191950,,,,,1,0,4,0,1288674694464503800,en,"<a href=""http://twitter.com/download/iphone"" rel=""nofollow"">Twitter for iPhone</a>",http://twitter.com/download/iphone,Twitter for iPhone,,,,StirThePot37,William,3416442711.0,,,,,,,,,,,,,,,,,,SusieStamey,Susie Stamey,718237170.0,,,,,,,,,,,,,,,,,,_MatthewBaird,matt,2257451185.0,,,,,,,,,,,,,,,,,,,,,,,,,,,,,,,,,,,UTKnoxville,UT Knoxville,19773627.0,,,,,,,,,,,,,,,,,,UTKnoxville,UT Knoxville,19773627.0,,,,,,,,,,,,,,,,,,,,,,,,,,,,,,,,,,,,,,,,,,,,,,,,,,,,,,,,,,,,,,,,,,,,,,,,,,,,,,,,,,,,,,,,,,,,,,,,,,,,,,,,,,,,,,,,,,,,,,,,,,,,,,,,,,,,,,,,,,,,,,,,,,,,,,,,,,,,,,,,,,,,,,,,,,,,,,,,,,,,,,,,,,,,,,,,,,,,,,,,,,,,,,,,,,,,,,,,,,,,,,,,,,,,,,,,,,,,,,,,,,,,,,
NOCoEOps,https://twitter.com/NOCoEOps/status/1289238162837889024,2020-07-31T16:35:05+00:00,"Next gen #TSMO workforce will compete in 3rd Annual #Transportation Technology Tournament on Tuesday, August 4 at 4pm during the ITE Annual Meeting. #ITE2020 #THISisITS https://t.co/4XqnbdQ05K @ITEhq @aashtospeaks @IowaStateU @USouthFlorida @FIU @UMich @UTKnoxville @AuburnU https://t.co/ARklgUUwcO","Next gen #TSMO workforce will compete in 3rd Annual #Transportation Technology Tournament on Tuesday, August 4 at 4pm during the ITE Annual Meeting. #ITE2020 #THISisITS bit.ly/3hTAed3 @ITEhq @aashtospeaks @IowaStateU @USouthFlorida @FIU @UMich @UTKnoxville @AuburnU https://t.co/ARklgUUwcO",1289238162837889000,NOCoE,2990238635,"NOCoE empowers the transportation systems management & operations (#TSMO) community by enhancing knowledge, skills & abilities.","NOCoE empowers the transportation systems management & operations (#TSMO) community by enhancing knowledge, skills & abilities.",,,,,,False,2015-01-21T17:13:25+00:00,750,630,2737,2532,11,813,"Washington, DC",False,http://www.transportationops.org,https://t.co/pmZV5lEw00,https://pbs.twimg.com/profile_images/905823337489850368/IE8BZ5Ew_normal.jpg,https://pbs.twimg.com/profile_banners/2990238635/1504800690,https://bit.ly/3hTAed3,,https://t.co/4XqnbdQ05K,,1,2,7,1,1289238162837889000,en,"<a href=""https://sproutsocial.com"" rel=""nofollow"">Sprout Social</a>",https://sproutsocial.com,Sprout Social,,,,ITEhq,ITE International - Celebrating 90 Years,34346597.0,,,,,,,,,,,,,,,,,,aashtospeaks,AASHTO,117118928.0,,,,,,,,,,,,,,,,,,IowaStateU,Iowa State University,211258879.0,,,,,,,,,,,,,,,,,,,,video,https://pbs.twimg.com/ext_tw_video_thumb/1289238150984937472/pu/img/GJCoVEA41pc7x7OU.jpg,video/mp4,https://video.twimg.com/ext_tw_video/1289238150984937472/pu/vid/1280x720/GQYvjJ23eN21AfiQ.mp4?tag=10,2176000.0,video/mp4,https://video.twimg.com/ext_tw_video/1289238150984937472/pu/vid/640x360/JyrJrIw48zQFcao9.mp4?tag=10,832000.0,video/mp4,https://video.twimg.com/ext_tw_video/1289238150984937472/pu/vid/480x270/nm2W1pRc2EjT2wtm.mp4?tag=10,256000.0,application/x-mpegURL,https://video.twimg.com/ext_tw_video/1289238150984937472/pu/pl/6qruLufenhAk728e.m3u8?tag=10,,9.042,USouthFlorida,University of South Florida,39306293.0,,,,,,,,,,,,,,,,,,FIU,FIU,39583267.0,,,,,,,,,,,,,,,,,,UMich,University of Michigan,88836132.0,,,,,,,,,,,,,,,,,,UTKnoxville,UT Knoxville,19773627.0,,,,,,,,,,,,,,,,,,AuburnU,Auburn University,14114564.0,,,,,,,,,,,,,,,,,,,,,,,,,,,,,,,,,,,,,,,,,,,,,,,,,,,,,,,,,,,,,,,,,,,,,,,,,,,,,,,,,,,,,,,,,,,,,,,,,,,,,,,,,,,,,,,,,,,,,,,,,,,,,,,,,,,,,,,,,,,,,,,,,,,,,,,,,,,,,,,,,,,,,,,,,,,,,,,,,,,,,,,,,,
justinburns33,https://twitter.com/justinburns33/status/1289232901897412608,2020-07-31T16:14:11+00:00,@_MatthewBaird @UTKnoxville College is the ultimate pyramid scheme lmao,@_MatthewBaird @UTKnoxville College is the ultimate pyramid scheme lmao,1289232901897412600,justin burns,1104767279663857700,,,,,,,,False,2019-03-10T15:33:39+00:00,10,76,396,761,0,9,"Maryville, TN",False,,,https://pbs.twimg.com/profile_images/1104916530058399745/vyfr0qU2_normal.jpg,https://pbs.twimg.com/profile_banners/1104767279663857664/1552267604,,,,,0,0,1,0,1288674694464503800,en,"<a href=""http://twitter.com/download/iphone"" rel=""nofollow"">Twitter for iPhone</a>",http://twitter.com/download/iphone,Twitter for iPhone,,,,_MatthewBaird,matt,2257451185.0,,,,,,,,,,,,,,,,,,UTKnoxville,UT Knoxville,19773627.0,,,,,,,,,,,,,,,,,,,,,,,,,,,,,,,,,,,,,,,,,,,,,,,,,,,,,,,,,,,,,,,,,,,,,,,,,,,,,,,,,,,,,,,,,,,,,,,,,,,,,,,,,,,,,,,,,,,,,,,,,,,,,,,,,,,,,,,,,,,,,,,,,,,,,,,,,,,,,,,,,,,,,,,,,,,,,,,,,,,,,,,,,,,,,,,,,,,,,,,,,,,,,,,,,,,,,,,,,,,,,,,,,,,,,,,,,,,,,,,,,,,,,,,,,,,,,,,,,,,,,,,,,,,,,,,,,,,,,,,,,,,,,,,,,,,,,,,,,,,,,,,,,,,,,,,,,,,,,,,,,,,
ScottButtram,https://twitter.com/ScottButtram/status/1289223108541308936,2020-07-31T15:35:16+00:00,Lane's previous return to Knoxville resulted in two things. A classy response from most fans and a UT loss. #winwin https://t.co/k9rP9QYiCv,Lane's previous return to Knoxville resulted in two things. A classy response from most fans and a UT loss. #winwin twitter.com/CaptTouchback/‚Ä¶,1289223108541309000,U.S. Secretary of Common Sense,855298794,"Believer. Married to the beautiful @duranaficionada, father of two and publisher at The Trussville Tribune. Unapologetic-raised-in-Tuscaloosa-#Bama-man.","Believer. Married to the beautiful @duranaficionada, father of two and publisher at The Trussville Tribune. Unapologetic-raised-in-Tuscaloosa-#Bama-man.",,,,,,False,2012-09-30T20:24:16+00:00,1596,1193,29765,19720,33,598,"Trussville, Alabama, USA",False,http://www.trussvilletribune.com,http://t.co/YNea3SPJRg,https://pbs.twimg.com/profile_images/553180016830189568/mAM9--Dm_normal.jpeg,https://pbs.twimg.com/profile_banners/855298794/1397046992,https://twitter.com/CaptTouchback/status/1288803183389794304,,https://t.co/k9rP9QYiCv,,0,1,0,0,1289223108541309000,en,"<a href=""https://mobile.twitter.com"" rel=""nofollow"">Twitter Web App</a>",https://mobile.twitter.com,Twitter Web App,,,,,,,,,,,,,,,,,,,,,,,,,,,,,,,,,,,,,,,,,,,,,,,,,,,,,,,,,,,,,,,,,,,,,,,,,,,,,,,,,,,,,,,,,,,,,,,,,,,,,,,,,,,,,,,,,,,,,,,,,,,,,,,,,,,,,,,,,,,,,,,,,,,,,,,,,,,,,,,,,,,,,,,,,,,,,,,,,,,,,https://twitter.com/CaptTouchback/status/1288803183389794304,2020-07-30T11:46:38+00:00,We must have fans in Neyland when @Lane_Kiffin returns to Knoxville. The reaction (positive or negative) would be priceless. @NateHodges @VolRumorMill @BillyWilliford https://t.co/bTu2MoPRRy,We must have fans in Neyland when @Lane_Kiffin returns to Knoxville. The reaction (positive or negative) would be priceless. @NateHodges @VolRumorMill @BillyWilliford https://t.co/bTu2MoPRRy,1.2888031833897943e+18,CaptTouchback,CaptainTouchback,368914992.0,I make a lot of money ruling the NFL. I enjoy watching great athletes take a knee in the endzone. This is a parody account. Follow me or I will fine you.,I make a lot of money ruling the NFL. I enjoy watching great athletes take a knee in the endzone. This is a parody account. Follow me or I will fine you.,False,2011-09-06T13:03:43+00:00,17830.0,1426.0,76732.0,3498.0,315.0,6808.0,Fancy office in New York City,False,,,https://pbs.twimg.com/profile_images/946550453713735680/ADQPAbh6_normal.jpg,https://pbs.twimg.com/profile_banners/368914992/1378964675,5.0,4.0,60.0,5.0,1.2888031833897943e+18,en,"<a href=""http://twitter.com/download/iphone"" rel=""nofollow"">Twitter for iPhone</a>",http://twitter.com/download/iphone,Twitter for iPhone,,,gif,,,,,,,,,Lane_Kiffin,Lane Kiffin,104374310.0,,,,,,,,,,,,,,,,,,,,,,,,,,,,,,,,,,,,,,,,,,,,,,,,,,,,,,,,,,https://pbs.twimg.com/tweet_video_thumb/EeK_qDdXsAIPnFf.jpg,video/mp4,https://video.twimg.com/tweet_video/EeK_qDdXsAIPnFf.mp4,,NateHodges,Nate Hodges,574893485.0,,,,,,,,,,,,,,,,,,VolRumorMill,Houston Kress,950588342.0,,,,,,,,,,,,,,,,,,BillyWilliford,Billy Stats,421916865.0,,,,,,,,,,,,,,,,,,
Joenayrob,https://twitter.com/Joenayrob/status/1289222111840542720,2020-07-31T15:31:18+00:00,@UTKnoxville What about the crazy fees?,@UTKnoxville What about the crazy fees?,1289222111840542700,Zor‚ö°Ô∏è,3485786776,pls bring food,pls bring food,,,,,,False,2015-08-30T00:44:36+00:00,224,504,11756,13550,1,21,"Knoxville, TN",False,,,https://pbs.twimg.com/profile_images/1317633929839579138/JJDThT0E_normal.jpg,https://pbs.twimg.com/profile_banners/3485786776/1602983385,,,,,0,0,3,0,1289190958853234700,en,"<a href=""http://twitter.com/download/iphone"" rel=""nofollow"">Twitter for iPhone</a>",http://twitter.com/download/iphone,Twitter for iPhone,,,,UTKnoxville,UT Knoxville,19773627.0,,,,,,,,,,,,,,,,,,,,,,,,,,,,,,,,,,,,,,,,,,,,,,,,,,,,,,,,,,,,,,,,,,,,,,,,,,,,,,,,,,,,,,,,,,,,,,,,,,,,,,,,,,,,,,,,,,,,,,,,,,,,,,,,,,,,,,,,,,,,,,,,,,,,,,,,,,,,,,,,,,,,,,,,,,,,,,,,,,,,,,,,,,,,,,,,,,,,,,,,,,,,,,,,,,,,,,,,,,,,,,,,,,,,,,,,,,,,,,,,,,,,,,,,,,,,,,,,,,,,,,,,,,,,,,,,,,,,,,,,,,,,,,,,,,,,,,,,,,,,,,,,,,,,,,,,,,,,,,,,,,,,,,,,,,,,,,,,,,,,,,,
RehabKingXbox,https://twitter.com/RehabKingXbox/status/1289220138005233666,2020-07-31T15:23:28+00:00,"@420vawlfan @UTKnoxville Being smart about an infectious disease versus just throwing caution to the wind. Yeah, real big snowflake here. üôÑ","@420vawlfan @UTKnoxville Being smart about an infectious disease versus just throwing caution to the wind. Yeah, real big snowflake here. üôÑ",1289220138005233700,Rehab King üò∑ = ‚ù§Ô∏è,259563945,,,,,,,,False,2011-03-02T04:17:10+00:00,171,1000,13163,9913,9,367,Chernarus,False,,,https://pbs.twimg.com/profile_images/1274953959585787905/CGdgyE26_normal.jpg,https://pbs.twimg.com/profile_banners/259563945/1592807772,,,,,1,0,3,0,1289190958853234700,en,"<a href=""http://twitter.com/download/iphone"" rel=""nofollow"">Twitter for iPhone</a>",http://twitter.com/download/iphone,Twitter for iPhone,,,,420vawlfan,PONS BACK üß°üçä,1.2049637831705027e+18,,,,,,,,,,,,,,,,,,UTKnoxville,UT Knoxville,19773627.0,,,,,,,,,,,,,,,,,,,,,,,,,,,,,,,,,,,,,,,,,,,,,,,,,,,,,,,,,,,,,,,,,,,,,,,,,,,,,,,,,,,,,,,,,,,,,,,,,,,,,,,,,,,,,,,,,,,,,,,,,,,,,,,,,,,,,,,,,,,,,,,,,,,,,,,,,,,,,,,,,,,,,,,,,,,,,,,,,,,,,,,,,,,,,,,,,,,,,,,,,,,,,,,,,,,,,,,,,,,,,,,,,,,,,,,,,,,,,,,,,,,,,,,,,,,,,,,,,,,,,,,,,,,,,,,,,,,,,,,,,,,,,,,,,,,,,,,,,,,,,,,,,,,,,,,,,,,,,,,,,,,
ResearchUTK,https://twitter.com/ResearchUTK/status/1289219990831341568,2020-07-31T15:22:53+00:00,"‚ÄúSometimes faculty can feel like they‚Äôre on an island, especially when they‚Äôre new,‚Äù says Alissa Sommerfeldt, communications specialist @TeachingAtUTK. ‚ÄúThey need to know how they‚Äôre supported as teachers.‚Äù @UTKnoxville 

https://t.co/GTVSO3I6w3","‚ÄúSometimes faculty can feel like they‚Äôre on an island, especially when they‚Äôre new,‚Äù says Alissa Sommerfeldt, communications specialist @TeachingAtUTK. ‚ÄúThey need to know how they‚Äôre supported as teachers.‚Äù @UTKnoxville 

news.utk.edu/2020/07/30/new‚Ä¶",1289219990831341600,UT Research,1020770569,"The official Twitter of the Office of Research and Engagement at the University of Tennessee, Knoxville.","The official Twitter of the Office of Research and Engagement at the University of Tennessee, Knoxville.",,,,,,False,2012-12-18T22:10:31+00:00,1778,583,1963,626,29,527,"Knoxville, TN",False,http://research.utk.edu,http://t.co/XCP44zhhlh,https://pbs.twimg.com/profile_images/751044119875710977/V2n-0cfM_normal.jpg,https://pbs.twimg.com/profile_banners/1020770569/1446153530,https://news.utk.edu/2020/07/30/new-faculty-virtual-teaching-institute/,,https://t.co/GTVSO3I6w3,,0,1,3,0,1289219990831341600,en,"<a href=""https://mobile.twitter.com"" rel=""nofollow"">Twitter Web App</a>",https://mobile.twitter.com,Twitter Web App,,,,TeachingAtUTK,UTK Teaching & Learning Innovation,1074316543.0,,,,,,,,,,,,,,,,,,UTKnoxville,UT Knoxville,19773627.0,,,,,,,,,,,,,,,,,,,,,,,,,,,,,,,,,,,,,,,,,,,,,,,,,,,,,,,,,,,,,,,,,,,,,,,,,,,,,,,,,,,,,,,,,,,,,,,,,,,,,,,,,,,,,,,,,,,,,,,,,,,,,,,,,,,,,,,,,,,,,,,,,,,,,,,,,,,,,,,,,,,,,,,,,,,,,,,,,,,,,,,,,,,,,,,,,,,,,,,,,,,,,,,,,,,,,,,,,,,,,,,,,,,,,,,,,,,,,,,,,,,,,,,,,,,,,,,,,,,,,,,,,,,,,,,,,,,,,,,,,,,,,,,,,,,,,,,,,,,,,,,,,,,,,,,,,,,,,,,,,,,
RehabKingXbox,https://twitter.com/RehabKingXbox/status/1289219276071550976,2020-07-31T15:20:02+00:00,@420vawlfan @UTKnoxville That still doesn‚Äôt answer the question.,@420vawlfan @UTKnoxville That still doesn‚Äôt answer the question.,1289219276071551000,Rehab King üò∑ = ‚ù§Ô∏è,259563945,,,,,,,,False,2011-03-02T04:17:10+00:00,171,1000,13163,9913,9,367,Chernarus,False,,,https://pbs.twimg.com/profile_images/1274953959585787905/CGdgyE26_normal.jpg,https://pbs.twimg.com/profile_banners/259563945/1592807772,,,,,2,0,0,0,1289190958853234700,en,"<a href=""http://twitter.com/download/iphone"" rel=""nofollow"">Twitter for iPhone</a>",http://twitter.com/download/iphone,Twitter for iPhone,,,,420vawlfan,PONS BACK üß°üçä,1.2049637831705027e+18,,,,,,,,,,,,,,,,,,UTKnoxville,UT Knoxville,19773627.0,,,,,,,,,,,,,,,,,,,,,,,,,,,,,,,,,,,,,,,,,,,,,,,,,,,,,,,,,,,,,,,,,,,,,,,,,,,,,,,,,,,,,,,,,,,,,,,,,,,,,,,,,,,,,,,,,,,,,,,,,,,,,,,,,,,,,,,,,,,,,,,,,,,,,,,,,,,,,,,,,,,,,,,,,,,,,,,,,,,,,,,,,,,,,,,,,,,,,,,,,,,,,,,,,,,,,,,,,,,,,,,,,,,,,,,,,,,,,,,,,,,,,,,,,,,,,,,,,,,,,,,,,,,,,,,,,,,,,,,,,,,,,,,,,,,,,,,,,,,,,,,,,,,,,,,,,,,,,,,,,,,
ResearchUTK,https://twitter.com/ResearchUTK/status/1289216006976442369,2020-07-31T15:07:03+00:00,"Roslyn Perry will join the University of Tennessee, Knoxville, as university registrar beginning August 1. Perry brings a great breadth of experience and a strong commitment to student success. https://t.co/NanJWp1QtB @UTKnoxville @UT_Admissions @UTKStudentLife @UTKDOS https://t.co/1xxP3v7OVM","Roslyn Perry will join the University of Tennessee, Knoxville, as university registrar beginning August 1. Perry brings a great breadth of experience and a strong commitment to student success. tiny.utk.edu/rperry @UTKnoxville @UT_Admissions @UTKStudentLife @UTKDOS https://t.co/1xxP3v7OVM",1289216006976442400,UT Research,1020770569,"The official Twitter of the Office of Research and Engagement at the University of Tennessee, Knoxville.","The official Twitter of the Office of Research and Engagement at the University of Tennessee, Knoxville.",,,,,,False,2012-12-18T22:10:31+00:00,1778,583,1963,626,29,527,"Knoxville, TN",False,http://research.utk.edu,http://t.co/XCP44zhhlh,https://pbs.twimg.com/profile_images/751044119875710977/V2n-0cfM_normal.jpg,https://pbs.twimg.com/profile_banners/1020770569/1446153530,http://tiny.utk.edu/rperry,,https://t.co/NanJWp1QtB,,1,2,18,1,1289216006976442400,en,"<a href=""https://mobile.twitter.com"" rel=""nofollow"">Twitter Web App</a>",https://mobile.twitter.com,Twitter Web App,,,,UTKnoxville,UT Knoxville,19773627.0,,,,,,,,,,,,,,,,,,UT_Admissions,UT Admissions,34278626.0,,,,,,,,,,,,,,,,,,UTKStudentLife,UTK Student Life,8.880596651788206e+17,,,,,,,,,,,,,,,,,,https://pbs.twimg.com/media/EeQ3G_XXkAE2Bqc?format=jpg&name=small,https://pbs.twimg.com/media/EeQ3G_XXkAE2Bqc?format=jpg&name=large,photo,,,,,,,,,,,,,,,UTKDOS,Office of the Dean of Students,8.702889753359688e+17,,,,,,,,,,,,,,,,,,,,,,,,,,,,,,,,,,,,,,,,,,,,,,,,,,,,,,,,,,,,,,,,,,,,,,,,,,,,,,,,,,,,,,,,,,,,,,,,,,,,,,,,,,,,,,,,,,,,,,,,,,,,,,,,,,,,,,,,,,,,,,,,,,,,,,,,,,,,,,,,,,,,,,,,,,,,,,,,,,,,,,,,,,,,,,,,,,,,,,,,,,,,,,,,,,,,,,,,,,,,,,,,,,,,,,,,,,,,,,,,,,,,,,,,,,,,,,,,,,,,,,,,,,
RehabKingXbox,https://twitter.com/RehabKingXbox/status/1289210545061507082,2020-07-31T14:45:20+00:00,@UTKnoxville So when a student inevitably doesn‚Äôt follow any of the rules and contracts the virus and brings it back to the campus what are you guys going to do about that?,@UTKnoxville So when a student inevitably doesn‚Äôt follow any of the rules and contracts the virus and brings it back to the campus what are you guys going to do about that?,1289210545061507000,Rehab King üò∑ = ‚ù§Ô∏è,259563945,,,,,,,,False,2011-03-02T04:17:10+00:00,171,1000,13163,9913,9,367,Chernarus,False,,,https://pbs.twimg.com/profile_images/1274953959585787905/CGdgyE26_normal.jpg,https://pbs.twimg.com/profile_banners/259563945/1592807772,,,,,2,0,0,0,1289190958853234700,en,"<a href=""http://twitter.com/download/iphone"" rel=""nofollow"">Twitter for iPhone</a>",http://twitter.com/download/iphone,Twitter for iPhone,,,,UTKnoxville,UT Knoxville,19773627.0,,,,,,,,,,,,,,,,,,,,,,,,,,,,,,,,,,,,,,,,,,,,,,,,,,,,,,,,,,,,,,,,,,,,,,,,,,,,,,,,,,,,,,,,,,,,,,,,,,,,,,,,,,,,,,,,,,,,,,,,,,,,,,,,,,,,,,,,,,,,,,,,,,,,,,,,,,,,,,,,,,,,,,,,,,,,,,,,,,,,,,,,,,,,,,,,,,,,,,,,,,,,,,,,,,,,,,,,,,,,,,,,,,,,,,,,,,,,,,,,,,,,,,,,,,,,,,,,,,,,,,,,,,,,,,,,,,,,,,,,,,,,,,,,,,,,,,,,,,,,,,,,,,,,,,,,,,,,,,,,,,,,,,,,,,,,,,,,,,,,,,,
DaveH1923,https://twitter.com/DaveH1923/status/1289208962030530560,2020-07-31T14:39:03+00:00,@j_hintzman @UTKnoxville Represent and good luck!,@j_hintzman @UTKnoxville Represent and good luck!,1289208962030530600,David Haase,2416477494,"lucky hubby to Chris, dad to Jacob and Micah. Local Financial Advisor that won't pass up craft beer or BBQ, fan of Rams, Huskers and NOCO sports. Life Loyal Sig","lucky hubby to Chris, dad to Jacob and Micah. Local Financial Advisor that won't pass up craft beer or BBQ, fan of Rams, Huskers and NOCO sports. Life Loyal Sig",,,,,,False,2014-03-28T21:25:53+00:00,182,229,6269,2080,8,200,,False,,,https://pbs.twimg.com/profile_images/507173534540369920/Rgmy7bcR_normal.jpeg,https://pbs.twimg.com/profile_banners/2416477494/1409755928,,,,,1,0,1,0,1288835532412162000,en,"<a href=""http://twitter.com/download/android"" rel=""nofollow"">Twitter for Android</a>",http://twitter.com/download/android,Twitter for Android,,,,j_hintzman,Jacob Hintzman,965592930.0,,,,,,,,,,,,,,,,,,UTKnoxville,UT Knoxville,19773627.0,,,,,,,,,,,,,,,,,,,,,,,,,,,,,,,,,,,,,,,,,,,,,,,,,,,,,,,,,,,,,,,,,,,,,,,,,,,,,,,,,,,,,,,,,,,,,,,,,,,,,,,,,,,,,,,,,,,,,,,,,,,,,,,,,,,,,,,,,,,,,,,,,,,,,,,,,,,,,,,,,,,,,,,,,,,,,,,,,,,,,,,,,,,,,,,,,,,,,,,,,,,,,,,,,,,,,,,,,,,,,,,,,,,,,,,,,,,,,,,,,,,,,,,,,,,,,,,,,,,,,,,,,,,,,,,,,,,,,,,,,,,,,,,,,,,,,,,,,,,,,,,,,,,,,,,,,,,,,,,,,,,
LewisGroupArch,https://twitter.com/LewisGroupArch/status/1289208937422524419,2020-07-31T14:38:57+00:00,"We couldn't have said it better ourselves! Do you have a space you'd like to talk to our team of dynamic designers about? Visit our website!

https://t.co/pdWczT88wV

#LGAFullScale #architecture #interiordesign #design 

üì∏ | @UTKnoxville https://t.co/IsALlSF7gF","We couldn't have said it better ourselves! Do you have a space you'd like to talk to our team of dynamic designers about? Visit our website!

lewisgroup.net

#LGAFullScale #architecture #interiordesign #design 

üì∏ | @UTKnoxville https://t.co/IsALlSF7gF",1289208937422524400,LewisGroupArchitects,4011638301,At Lewis Group Architects our priority is our Client. Your Vision Our Passion.,At Lewis Group Architects our priority is our Client. Your Vision Our Passion.,,,,,,False,2015-10-21T19:38:43+00:00,96,733,374,777,1,342,"Knoxville, TN",False,http://www.lewisgroup.net/,https://t.co/ddFxMvhhcK,https://pbs.twimg.com/profile_images/656921960744656896/57v68MPf_normal.jpg,https://pbs.twimg.com/profile_banners/4011638301/1593456594,http://www.lewisgroup.net,,https://t.co/pdWczT88wV,,0,0,2,0,1289208937422524400,en,"<a href=""https://mobile.twitter.com"" rel=""nofollow"">Twitter Web App</a>",https://mobile.twitter.com,Twitter Web App,,,,UTKnoxville,UT Knoxville,19773627.0,,,,,,,,,,,,,,,,,,,,,,,,,,,,,,,,,,,,,,,,,,,,,,,,,,,,,,,,,,https://pbs.twimg.com/media/EeQwc0pXgAQPZX5?format=jpg&name=small,https://pbs.twimg.com/media/EeQwc0pXgAQPZX5?format=jpg&name=large,photo,,,,,,,,,,,,,,,,,,,,,,,,,,,,,,,,,,,,,,,,,,,,,,,,,,,,,,,,,,,,,,,,,,,,,,,,,,,,,,,,,,,,,,,,,,,,,,,,,,,,,,,,,,,,,,,,,,,,,,,,,,,,,,,,,,,,,,,,,,,,,,,,,,,,,,,,,,,,,,,,,,,,,,,,,,,,,,,,,,,,,,,,,,,,,,,,,,,,,,,,,,,,,,,,,,,,,,,,,,,,,,,,,,,,,,,,,,,,,,,,,,,,,,,,,,,,,,,,,,,,,,,,,,,,,,,,,,,,,,,,,,,
ORNLComputing,https://twitter.com/ORNLComputing/status/1289207779442360322,2020-07-31T14:34:21+00:00,"Researchers at @ORNL, @UTKnoxville, and @TAMU developed a novel memory storage device containing a soft membrane that can accelerate the development of hardware designed to support #neuromorphic #computing networks. https://t.co/JzEvoKKijt https://t.co/lq9nWnXvQh","Researchers at @ORNL, @UTKnoxville, and @TAMU developed a novel memory storage device containing a soft membrane that can accelerate the development of hardware designed to support #neuromorphic #computing networks. bit.ly/3g0Up8g https://t.co/lq9nWnXvQh",1289207779442360300,ORNL Computing & Computational Sciences,1172588777698730000,The Computing and Computational Sciences Directorate oversees @ORNL‚Äôs immense store of computing power and its talented staff of computational scientists.,The Computing and Computational Sciences Directorate oversees @ORNL‚Äôs immense store of computing power and its talented staff of computational scientists.,,,,,,False,2019-09-13T19:15:54+00:00,846,485,1121,964,21,357,"Oak Ridge, TN",False,https://www.ornl.gov/directorate/ccsd,https://t.co/lD33py4T0j,https://pbs.twimg.com/profile_images/1291776291188944898/FVtOB4oc_normal.jpg,https://pbs.twimg.com/profile_banners/1172588777698729989/1597077465,https://bit.ly/3g0Up8g,,https://t.co/JzEvoKKijt,,0,11,20,4,1289207779442360300,en,"<a href=""https://mobile.twitter.com"" rel=""nofollow"">Twitter Web App</a>",https://mobile.twitter.com,Twitter Web App,,,,ORNL,Oak Ridge Lab,16145097.0,,,,,,,,,,,,,,,,,,UTKnoxville,UT Knoxville üéÉ,19773627.0,,,,,,,,,,,,,,,,,,TAMU,Texas A&M University,17237540.0,,,,,,,,,,,,,,,,,,https://pbs.twimg.com/media/EeQvoV1WkAEEHJS?format=jpg&name=small,https://pbs.twimg.com/media/EeQvoV1WkAEEHJS?format=jpg&name=large,photo,,,,,,,,,,,,,,,,,,,,,,,,,,,,,,,,,,,,,,,,,,,,,,,,,,,,,,,,,,,,,,,,,,,,,,,,,,,,,,,,,,,,,,,,,,,,,,,,,,,,,,,,,,,,,,,,,,,,,,,,,,,,,,,,,,,,,,,,,,,,,,,,,,,,,,,,,,,,,,,,,,,,,,,,,,,,,,,,,,,,,,,,,,,,,,,,,,,,,,,,,,,,,,,,,,,,,,,,,,,,,,,,,,,,,,,,,,,,,,,,,,,,,,,,,,,,,,,,,,,,,,,,,,,,,,,,,,,,,,,,,,,
7StatesPower,https://twitter.com/7StatesPower/status/1289204404881461251,2020-07-31T14:20:57+00:00,"Thank you for the opportunity Bert and @ValleyCorridor. We were honored to join such a distinguished group of speakers and panelists. 
@TVAnews @UTKnoxville @KnoxKUB @YourBrightRidge @Dollywood @AECo_op https://t.co/dMkLCSeK2H","Thank you for the opportunity Bert and @ValleyCorridor. We were honored to join such a distinguished group of speakers and panelists. 
@TVAnews @UTKnoxville @KnoxKUB @YourBrightRidge @Dollywood @AECo_op twitter.com/bertrobinson/s‚Ä¶",1289204404881461200,Seven States Power Corporation,1054354393959723000,Empowering our 154 members across the TN Valley to meet consumer demand for renewable energy in an evolving utility marketplace.,Empowering our 154 members across the TN Valley to meet consumer demand for renewable energy in an evolving utility marketplace.,,,,,,False,2018-10-22T12:50:51+00:00,193,539,209,392,1,92,"P.O. Box 6189 Chattanooga, TN 37401",False,http://www.sevenstatespower.com,https://t.co/0hKUfIOUdM,https://pbs.twimg.com/profile_images/1054711132827643909/g_gVi1GW_normal.jpg,https://pbs.twimg.com/profile_banners/1054354393959723009/1540297430,https://twitter.com/bertrobinson/status/1288908991570092033,,https://t.co/dMkLCSeK2H,,0,1,7,0,1289204404881461200,en,"<a href=""https://mobile.twitter.com"" rel=""nofollow"">Twitter Web App</a>",https://mobile.twitter.com,Twitter Web App,,,,ValleyCorridor,TN Valley Corridor,82711742.0,,,,,,,,,,,,,,,,,,TVAnews,Tennessee Valley Authority,93688013.0,,,,,,,,,,,,,,,,,,UTKnoxville,UT Knoxville üéÉ,19773627.0,,,,,,,,,,,,,,,,,,,,,,,,,,,,,,,,,,,KnoxKUB,Knoxville Utilities Board,370242993.0,,,,,,,,,,,,,,,,,,YourBrightRidge,BrightRidge,44114636.0,,,,,,,,,,,,,,,,,,Dollywood,Dollywood Parks & Resorts,278217167.0,,,,,,,,,,,,,,,,,,AECo_op,AECo-op,8.466975494320824e+17,,,,,,,,,,,,,,,,,,,,,,,,,,,,,,,,,,,,,,https://twitter.com/bertrobinson/status/1288908991570092033,2020-07-30T18:47:05+00:00,Thanks to @7StatesPower and EVP @BetseyMcCall5 for sponsoring today‚Äôs @ValleyCorridor Virtual Summit session. Great perspectives shared on the value of #publicpower. https://t.co/SGssXqUHNi,Thanks to @7StatesPower and EVP @BetseyMcCall5 for sponsoring today‚Äôs @ValleyCorridor Virtual Summit session. Great perspectives shared on the value of #publicpower. https://t.co/SGssXqUHNi,1.288908991570092e+18,bertrobinson,Bert Robinson,240050948.0,"Part of the government relations team at TVA, the nation's largest public utility.","Part of the government relations team at TVA, the nation's largest public utility.",False,2011-01-19T01:45:40+00:00,339.0,523.0,917.0,1046.0,2.0,177.0,"Knoxville, TN",False,,,https://pbs.twimg.com/profile_images/707027747034566656/ZRCzznIj_normal.jpg,,0.0,2.0,10.0,1.0,1.288908991570092e+18,en,"<a href=""http://twitter.com/download/iphone"" rel=""nofollow"">Twitter for iPhone</a>",http://twitter.com/download/iphone,Twitter for iPhone,https://pbs.twimg.com/media/EeMf5JQXgAEAROB?format=jpg&name=small,https://pbs.twimg.com/media/EeMf5JQXgAEAROB?format=jpg&name=large,photo,,,,,,,,,7StatesPower,Seven States Power Corporation,1.054354393959723e+18,,,,,,,,,,,,,,,,,,,,,,,,,,,,,,,,,,,,,,,,,,,,,,,,,,,,,,,,,,,,,,BetseyMcCall5,Betsey Kirk McCall,1.0686854428899901e+18,,,,,,,,,,,,,,,,,,ValleyCorridor,TN Valley Corridor,82711742.0,,,,,,,,,,,,,,,,,,,,,,,,,,,,,,,,,,,,,,
ClassicPrintCo,https://twitter.com/ClassicPrintCo/status/1289201410953814021,2020-07-31T14:09:03+00:00,"Custom Patches  - We do that!
Classic Print Co. Knoxville
#classicprintco #custompatches #patches #astro #knoxville #knoxvilletn  #vfl #utknoxville #rockytop #bigorangefriday #gbo #volapalooza #volshelpvols‚Ä¶ https://t.co/gV3J4NX2ze","Custom Patches  - We do that!
Classic Print Co. Knoxville
#classicprintco #custompatches #patches #astro #knoxville #knoxvilletn  #vfl #utknoxville #rockytop #bigorangefriday #gbo #volapalooza #volshelpvols‚Ä¶ instagram.com/p/CDTyyVtAh1R/‚Ä¶",1289201410953814000,Classic Print Co.,3262623210,"We love to talk tees. Unite your groups--family, schools, teams, clubs, business--with custom t-shirts.. Design yours, online..","We love to talk tees. Unite your groups--family, schools, teams, clubs, business--with custom t-shirts.. Design yours, online..",,,,,,False,2015-07-01T00:19:17+00:00,48,136,1377,57,9,58,"Tennessee, USA",False,http://www.classicprintco.com,http://t.co/qxeHorh8Yl,https://pbs.twimg.com/profile_images/616044429023928322/qRylzbnY_normal.jpg,https://pbs.twimg.com/profile_banners/3262623210/1435711571,https://www.instagram.com/p/CDTyyVtAh1R/?igshid=10ihnnpe2xxxr,,https://t.co/gV3J4NX2ze,,0,0,0,0,1289201410953814000,en,"<a href=""http://instagram.com"" rel=""nofollow"">Instagram</a>",http://instagram.com,Instagram,,,,,,,,,,,,,,,,,,,,,,,,,,,,,,,,,,,,,,,,,,,,,,,,,,,,,,,,,,,,,,,,,,,,,,,,,,,,,,,,,,,,,,,,,,,,,,,,,,,,,,,,,,,,,,,,,,,,,,,,,,,,,,,,,,,,,,,,,,,,,,,,,,,,,,,,,,,,,,,,,,,,,,,,,,,,,,,,,,,,,,,,,,,,,,,,,,,,,,,,,,,,,,,,,,,,,,,,,,,,,,,,,,,,,,,,,,,,,,,,,,,,,,,,,,,,,,,,,,,,,,,,,,,,,,,,,,,,,,,,,,,,,,,,,,,,,,,,,,,,,,,,,,,,,,,,,,,,,,,,,,,,,,,,,,,,,,,,,,,,,,,,,,,,,
RehabKingXbox,https://twitter.com/RehabKingXbox/status/1289194863515381761,2020-07-31T13:43:02+00:00,@UTKnoxville What are you safety guidelines for crowding a bunch of people into buildings?,@UTKnoxville What are you safety guidelines for crowding a bunch of people into buildings?,1289194863515381800,Rehab King üò∑ = ‚ù§Ô∏è,259563945,,,,,,,,False,2011-03-02T04:17:10+00:00,171,1000,13163,9913,9,367,Chernarus,False,,,https://pbs.twimg.com/profile_images/1274953959585787905/CGdgyE26_normal.jpg,https://pbs.twimg.com/profile_banners/259563945/1592807772,,,,,2,0,0,0,1289190958853234700,en,"<a href=""http://twitter.com/download/iphone"" rel=""nofollow"">Twitter for iPhone</a>",http://twitter.com/download/iphone,Twitter for iPhone,,,,UTKnoxville,UT Knoxville,19773627.0,,,,,,,,,,,,,,,,,,,,,,,,,,,,,,,,,,,,,,,,,,,,,,,,,,,,,,,,,,,,,,,,,,,,,,,,,,,,,,,,,,,,,,,,,,,,,,,,,,,,,,,,,,,,,,,,,,,,,,,,,,,,,,,,,,,,,,,,,,,,,,,,,,,,,,,,,,,,,,,,,,,,,,,,,,,,,,,,,,,,,,,,,,,,,,,,,,,,,,,,,,,,,,,,,,,,,,,,,,,,,,,,,,,,,,,,,,,,,,,,,,,,,,,,,,,,,,,,,,,,,,,,,,,,,,,,,,,,,,,,,,,,,,,,,,,,,,,,,,,,,,,,,,,,,,,,,,,,,,,,,,,,,,,,,,,,,,,,,,,,,,,
agdelma,https://twitter.com/agdelma/status/1289192512704221184,2020-07-31T13:33:41+00:00,I am excited to announce that the Del Maestro group will be moving to @UTKnoxville where I will start this August as a Professor in the Department of Physics &amp; Astronomy and the Min H. Kao Department of Electrical Engineering and Computer Science @EECS_UTK.,I am excited to announce that the Del Maestro group will be moving to @UTKnoxville where I will start this August as a Professor in the Department of Physics &amp; Astronomy and the Min H. Kao Department of Electrical Engineering and Computer Science @EECS_UTK.,1289192512704221200,Adrian Del Maestro,101857975,condensed matter physicist and avid baseball fan,condensed matter physicist and avid baseball fan,,,,,,False,2010-01-04T20:41:04+00:00,467,498,982,1175,25,119,"Knoxville, TN",False,http://delmaestro.org/adrian/,https://t.co/YJAfck8kKw,https://pbs.twimg.com/profile_images/1289189789867085824/TioqvZfd_normal.jpg,https://pbs.twimg.com/profile_banners/101857975/1596201955,,,,,6,5,50,1,1289192512704221200,en,"<a href=""https://mobile.twitter.com"" rel=""nofollow"">Twitter Web App</a>",https://mobile.twitter.com,Twitter Web App,,,,UTKnoxville,UT Knoxville,19773627.0,,,,,,,,,,,,,,,,,,EECS_UTK,EECS,425890664.0,,,,,,,,,,,,,,,,,,,,,,,,,,,,,,,,,,,,,,,,,,,,,,,,,,,,,,,,,,,,,,,,,,,,,,,,,,,,,,,,,,,,,,,,,,,,,,,,,,,,,,,,,,,,,,,,,,,,,,,,,,,,,,,,,,,,,,,,,,,,,,,,,,,,,,,,,,,,,,,,,,,,,,,,,,,,,,,,,,,,,,,,,,,,,,,,,,,,,,,,,,,,,,,,,,,,,,,,,,,,,,,,,,,,,,,,,,,,,,,,,,,,,,,,,,,,,,,,,,,,,,,,,,,,,,,,,,,,,,,,,,,,,,,,,,,,,,,,,,,,,,,,,,,,,,,,,,,,,,,,,,,
BarbaraBay4,https://twitter.com/BarbaraBay4/status/1289191510261497856,2020-07-31T13:29:42+00:00,Ready for a new adventure. @DondePlowman @HeyDrShea @UTKnoxville https://t.co/NSXVgUhOYs,Ready for a new adventure. @DondePlowman @HeyDrShea @UTKnoxville https://t.co/NSXVgUhOYs,1289191510261497900,Barbara Bay,970734574639747100,,,,,,,,False,2018-03-05T18:55:32+00:00,4,31,206,1113,0,19,,False,,,https://pbs.twimg.com/profile_images/1202272069452476416/7qDNYHhM_normal.jpg,,,,,,0,0,1,0,1289191510261497900,en,"<a href=""http://twitter.com/download/android"" rel=""nofollow"">Twitter for Android</a>",http://twitter.com/download/android,Twitter for Android,,,,DondePlowman,Donde Plowman,223444411.0,,,,,,,,,,,,,,,,,,HeyDrShea,Shea Kidd-Houze,33707540.0,,,,,,,,,,,,,,,,,,UTKnoxville,UT Knoxville,19773627.0,,,,,,,,,,,,,,,,,,https://pbs.twimg.com/media/EeQg1poXsAEJXkO?format=jpg&name=small,https://pbs.twimg.com/media/EeQg1poXsAEJXkO?format=jpg&name=large,photo,,,,,,,,,,,,,,,,,,,,,,,,,,,,,,,,,,,,,,,,,,,,,,,,,,,,,,,,,,,,,,,,,,,,,,,,,,,,,,,,,,,,,,,,,,,,,,,,,,,,,,,,,,,,,,,,,,,,,,,,,,,,,,,,,,,,,,,,,,,,,,,,,,,,,,,,,,,,,,,,,,,,,,,,,,,,,,,,,,,,,,,,,,,,,,,,,,,,,,,,,,,,,,,,,,,,,,,,,,,,,,,,,,,,,,,,,,,,,,,,,,,,,,,,,,,,,,,,,,,,,,,,,,,,,,,,,,,,,,,,,,,
GoVols1914,https://twitter.com/GoVols1914/status/1289191040168206337,2020-07-31T13:27:50+00:00,@UTKnoxville Can't wait! GBO!,@UTKnoxville Can't wait! GBO!,1289191040168206300,Go Vols 1914,171867633,"Vol Fanatic by birth, Season ticket holder, St Louis Cardinals fan, Sports Junkie, Golf Slut, Conservative,  Friend of Bill, Living life ODAT..","Vol Fanatic by birth, Season ticket holder, St Louis Cardinals fan, Sports Junkie, Golf Slut, Conservative,  Friend of Bill, Living life ODAT..",,,,,,False,2010-07-28T10:54:27+00:00,1124,1216,21415,18239,1,3902,"Martin, TN",False,http://www.vowellandsons.com,https://t.co/9v8uYReyya,https://pbs.twimg.com/profile_images/1255080475959443456/wlo7ylzm_normal.jpg,https://pbs.twimg.com/profile_banners/171867633/1563058857,,,,,0,0,2,0,1289190958853234700,en,"<a href=""https://mobile.twitter.com"" rel=""nofollow"">Twitter Web App</a>",https://mobile.twitter.com,Twitter Web App,,,,UTKnoxville,UT Knoxville,19773627.0,,,,,,,,,,,,,,,,,,,,,,,,,,,,,,,,,,,,,,,,,,,,,,,,,,,,,,,,,,,,,,,,,,,,,,,,,,,,,,,,,,,,,,,,,,,,,,,,,,,,,,,,,,,,,,,,,,,,,,,,,,,,,,,,,,,,,,,,,,,,,,,,,,,,,,,,,,,,,,,,,,,,,,,,,,,,,,,,,,,,,,,,,,,,,,,,,,,,,,,,,,,,,,,,,,,,,,,,,,,,,,,,,,,,,,,,,,,,,,,,,,,,,,,,,,,,,,,,,,,,,,,,,,,,,,,,,,,,,,,,,,,,,,,,,,,,,,,,,,,,,,,,,,,,,,,,,,,,,,,,,,,,,,,,,,,,,,,,,,,,,,,
A2Direwolf,https://twitter.com/A2Direwolf/status/1289190836404617216,2020-07-31T13:27:02+00:00,"Good to see TN sporting lots of @UTKnoxville orange w/ some #Bama crimson mixed in...remind me why all instruction isn't online for the fall?  Hope is not a business plan
https://t.co/RGKTqAU09M","Good to see TN sporting lots of @UTKnoxville orange w/ some #Bama crimson mixed in...remind me why all instruction isn't online for the fall?  Hope is not a business plan
nytimes.com/interactive/20‚Ä¶",1289190836404617200,A2Direwolf,106425996,,,,,,,,False,2010-01-19T14:34:04+00:00,34,282,3233,14636,3,27,Early Bronze Age,False,,,https://pbs.twimg.com/profile_images/2185419557/MM_normal.jpg,https://pbs.twimg.com/profile_banners/106425996/1579785427,https://www.nytimes.com/interactive/2020/07/31/us/coronavirus-school-reopening-risk.html?action=click&module=Top%20Stories&pgtype=Homepage,,https://t.co/RGKTqAU09M,,0,1,3,0,1289190836404617200,en,"<a href=""https://mobile.twitter.com"" rel=""nofollow"">Twitter Web App</a>",https://mobile.twitter.com,Twitter Web App,,,,UTKnoxville,UT Knoxville üéÉ,19773627.0,,,,,,,,,,,,,,,,,,,,,,,,,,,,,,,,,,,,,,,,,,,,,,,,,,,,,,,,,,,,,,,,,,,,,,,,,,,,,,,,,,,,,,,,,,,,,,,,,,,,,,,,,,,,,,,,,,,,,,,,,,,,,,,,,,,,,,,,,,,,,,,,,,,,,,,,,,,,,,,,,,,,,,,,,,,,,,,,,,,,,,,,,,,,,,,,,,,,,,,,,,,,,,,,,,,,,,,,,,,,,,,,,,,,,,,,,,,,,,,,,,,,,,,,,,,,,,,,,,,,,,,,,,,,,,,,,,,,,,,,,,,,,,,,,,,,,,,,,,,,,,,,,,,,,,,,,,,,,,,,,,,,,,,,,,,,,,,,,,,,,,,
